filepath,label
洗浴中心偷拍: 粉色头发的妹子 乳头乳晕都是粉色的 / 洗浴中心偷拍: 粉色头发的妹子 乳头乳晕都是粉色的.mp4,1
JUR-224-HD / JUR-224-HD.mp4,1
Karuza.2025.WEB-DL.1080p.mkv / Karuza.2025.WEB-DL.1080p.mkv,0
PublicInvasion.13.03.12.Lenka.In.The.Way.Remastered.XXX.HR.MP4-OHRLY[rarbg] / ohrly-pi312litwrem.mp4,1
SAME-055_CH.HD / SAME-055_CH-nyap2p.com.mp4,1
www.UIndex.org    -    Foundation.S03E09.The.Paths.That.Choose.Us.1080p.HEVC.x265-MeGusta / Foundation.S03E09.The.Paths.That.Choose.Us.1080p.HEVC.x265-MeGusta.mkv,0
MilfsLikeItBig.23.04.06.Jaylene.Rio.Your.Daddy.Ditched.Me.Again.XXX.720p.WEB.x264-GalaXXXy[XvX] / MilfsLikeItBig.23.04.06.Jaylene.Rio.Your.Daddy.Ditched.Me.Again.XXX.720p.WEB.x264-GalaXXXy.mkv,1
女骑士，老婆骚起来，还真没我什么事了 没几个男的受得了老婆的口活儿，单男抽插骚妻的小湿逼，爽翻天 / 女骑士，老婆骚起来，还真没我什么事了 没几个男的受得了老婆的口活儿，单男抽插骚妻的小湿逼，爽翻天.mp4,1
Now.Voyager.1942.iNTERNAL.BDRip.x264-MANiC[rarbg] / now.voyager.1942.internal.bdrip.x264-manic.mkv,0
【精品泄密】女朋友吧最新换图流出23套 / 【精品泄密】女朋友吧最新换图流出23套.mp4,1
极品小仙女情侣私拍泄密 清纯诱惑完美结合 如玉般的身体 酥到骨头里！清纯靓丽的外表下有一颗淫荡的心 年轻就是好 / 极品小仙女情侣私拍泄密 清纯诱惑完美结合 如玉般的身体 酥到骨头里！清纯靓丽的外表下有一颗淫荡的心 年轻就是好.mp4,1
madoubt.com 552988.xyz 1pondo-091617_581 / madoubt.com 552988.xyz 1pondo-091617_581.mp4,1
[ Torrent911.ms ] Triple Alliance.2014.MultiTrueFrench.HDLight 1080p.x264.AC3-Freek911.mkv / [ Torrent911.ms ] Triple Alliance.2014.MultiTrueFrench.HDLight 1080p.x264.AC3-Freek911.mkv,0
熟女阿姨吃鸡啪啪 我不喜欢这个姿势 你来干我吧 阿姨喜欢被人操的感觉 怼的很舒坦 奶子哗哗 / 熟女阿姨吃鸡啪啪 我不喜欢这个姿势 你来干我吧 阿姨喜欢被人操的感觉 怼的很舒坦 奶子哗哗.mp4,1
推特极品宅舞福利姬 一杯热可可 舞蹈专业出身二次元宅舞，身材看着就是那种刚发育的小女生，白白嫩嫩，超级可爱 / 推特极品宅舞福利姬 一杯热可可 舞蹈专业出身二次元宅舞，身材看着就是那种刚发育的小女生，白白嫩嫩，超级可爱.mp4,1
thzu.Cc 河北衡水故城县颜婷婷 巨乳教师 在出租房给男友口交 可上门特殊服务 / 2018_06_2_20_22_IMG_7131.MP4,1
madoubt.com 569256.xyz 1pondo-081124_001 / madoubt.com 569256.xyz 1pondo-081124_001.mp4,1
Vivid Sunny Leone Sunny's BG Adventure Scene 3 720p HEVC x265 TDR.mkv / Vivid Sunny Leone Sunny's BG Adventure Scene 3 720p HEVC x265 TDR.mkv,1
【约炮大神矛哥自拍②】20位女主图影（美女众多） / 【约炮大神矛哥自拍②】20位女主图影（美女众多）.mp4,1
Mix Bdsm 5 Movies 3 / thebondagechannel 1.mp4,1
【高清影视之家发布 www.SSDSSE.com】四重唱[简繁英字幕].Quartet.2012.1080p.BluRay.x265.10bit.DTS-QuickIO / Quartet.2012.1080p.BluRay.x265.10bit.DTS-QuickIO.mkv,0
Avengers Endgame (2019) BDRip 1080p.mkv / Avengers Endgame (2019) BDRip 1080p.mkv,0
【推荐CD】价值61RMB作品合集定制 商城抄底薄纱、透明、丁内，各式性感类的裙底 极品粉短裙黑窄内小妹 / 【推荐CD】价值61RMB作品合集定制 商城抄底薄纱、透明、丁内，各式性感类的裙底 极品粉短裙黑窄内小妹.mp4,1
Den.Of.Thieves.2.Pantera.TVHUB.FILM.WEB.400p.mp4 / Den.Of.Thieves.2.Pantera.TVHUB.FILM.WEB.400p.mp4,0
高价购入【酒店摄像头】绝版经典，虎台未留出影像眼镜小伙大战黑丝女朋友 / 高价购入【酒店摄像头】绝版经典，虎台未留出影像眼镜小伙大战黑丝女朋友.mp4,1
madoubt.com 965296.xyz HEYZO-613 / madoubt.com 965296.xyz HEYZO-613.mp4,1
FHD-mxgs-886.mp4 / FHD-mxgs-886.mp4,1
madoubt.com 389569.xyz 10musume-092816_01 / madoubt.com 389569.xyz 10musume-092816_01.mp4,1
[DKB] Game Center Shoujo to Ibunka Kouryuu - S01E06 [1080p][HEVC x265 10bit][Multi-Subs][DEBBD697].mkv / [DKB] Game Center Shoujo to Ibunka Kouryuu - S01E06 [1080p][HEVC x265 10bit][Multi-Subs][DEBBD697].mkv,0
高颜值极品大奶美艳少妇，超薄肉丝高跟站立后入表情迷人大奶狂甩，调情诱惑跪舔深喉道具 / 高颜值极品大奶美艳少妇，超薄肉丝高跟站立后入表情迷人大奶狂甩，调情诱惑跪舔深喉道具.mp4,1
NubileFilms.21.04.04.Chloe.Cherry.And.Eliza.Ibarra.Dont.Be.Shy.XXX.480p.MP4-XXX / nubilefilms.21.04.04.chloe.cherry.and.eliza.ibarra.dont.be.shy.mp4,1
www.Torrenting.com   -    The Arctic Convoy (2023) 720p BluRay-WORLD / The.Arctic.Convoy.2023.720p.BluRay.x264.AAC-WORLD.mp4,0
年轻小夫妻日常性生活，后入打桩女上位大屌插穴，最后外射阴毛上全是 / 年轻小夫妻日常性生活，后入打桩女上位大屌插穴，最后外射阴毛上全是.mp4,1
"Lizbeth - Lizbeth, 25 Years Old, Archives And Flakes Up! (11.02.2020)_720p.mp4 / Lizbeth - Lizbeth, 25 Years Old, Archives And Flakes Up! (11.02.2020)_720p.mp4",1
EvilAngel.25.08.13.Luna.Luxe.XXX.480p.MP4-XXX[XC] / evilangel.25.08.13.luna.luxe.480p.mp4,1
VEC-133 / 精彩片段.mp4,1
Spizoo.20.05.28.Kaiia.Eve.And.Lydia.Black.Tattooed.Girls.Get.Their.Asses.Pumped.XXX.1080p.MP4-KTR[XvX] / spizoo.20.05.28.kaiia.eve.and.lydia.black.tattooed.girls.get.their.asses.pumped.mp4,1
madoubt.com 835865.xyz fc2ppv-1707259 / madoubt.com 835865.xyz fc2ppv-1707259.mp4,1
UN_KVIDEO_15082023_0367.mp4 / UN_KVIDEO_15082023_0367.mp4,1
Who.Is.Cletis.Tout.2001.iNTERNAL.WEB.h264-ELEVATE[rarbg] / who.is.cletis.tout.2001.internal.web.h264-elevate.mkv,0
gvh-439 / gvh-439.mp4,1
Oil-2-Big-Facial-3x-Cum-On-Cock-Bareback-Massage2-HD-001.mp4 / Oil-2-Big-Facial-3x-Cum-On-Cock-Bareback-Massage2-HD-001.mp4,1
02 / 6.mp4,1
Transamerica (2005) [1080p] [BluRay] [5.1] [YTS.MX] / Transamerica.2005.1080p.BluRay.x264.AAC5.1-[YTS.MX].mp4,0
minato aqua new / bloodborne/湊あくあ_190615_1124_youtube_【最終回】最期の戦い!激ムズ鬼畜ゲーをクリアするまで終わらない・・・!!【Bloodborne】.mp4,0
vibrating_panties_squirting_hotties_big.mp4 / vibrating_panties_squirting_hotties_big.mp4,1
30.BlackedRaw - Athena Palomino - Actress Craves BBC / 30.BlackedRaw - Athena Palomino - Actress Craves BBC.mp4,1
STARS-812-C_GG5 / gg5.co@STARS-812-C_GG5.mp4,1
481SACZ-127 / 481SACZ-127.mp4,1
www.UIndex.org    -    The Uninvited 2024 720p AMZN WEB-DL H264-BYNDR / The Uninvited 2024 720p AMZN WEB-DL H264-BYNDR.mkv,0
heyzo_0806_full.mp4 / heyzo_0806_full.mp4,1
DBNG-008-Leaked / T66Y.COM@DBNG-008-Leaked-2.mp4,1
The Twilight Saga Eclipse (2010) (1080p BDRip x265 10bit EAC3 5.1 - r0b0t) [TAoE].mkv / The Twilight Saga Eclipse (2010) (1080p BDRip x265 10bit EAC3 5.1 - r0b0t) [TAoE].mkv,0
Kenzie Taylor In Housewife 1 on 1.mp4 / Kenzie Taylor In Housewife 1 on 1.mp4,1
酒店调教小妹子淫语调教爆草开档黑丝小骚货 小妹子真赞很骚丝袜也性感都射到后背上 / 酒店调教小妹子淫语调教爆草开档黑丝小骚货 小妹子真赞很骚丝袜也性感都射到后背上.mp4,1
MXGS-1213 / MXGS-1213.mp4,1
bwb_ryan_conner_kl111517_1080p_12000.mp4 / bwb_ryan_conner_kl111517_1080p_12000.mp4,1
www.Torrenting.com   -   The.Transporter.Refueled.2015.EXTRAS.1080p.BluRay.H264-RMXTRAS / frank.martin.the.reluctant.hero-rmxtras.mkv,0
FC2-PPV-4550644 / hhd800.com@FC2-PPV-4550644.mp4,1
SpermMania - Marie-102-1080p.mp4 / SpermMania - Marie-102-1080p.mp4,1
[Kaerizaki-Fansub]_One_Piece_1084_[VOSTFR][HD_1280x720].mp4 / [Kaerizaki-Fansub]_One_Piece_1084_[VOSTFR][HD_1280x720].mp4,0
madoubt.com 552988.xyz fc2ppv-1261678 / madoubt.com 552988.xyz fc2ppv-1261678.mp4,1
TVBOXNOW 尋味順德 / TVBOXNOW 尋味順德 EP02.mp4,0
40398001 - ASMR SHAVING KAIIA EVE S TATTOOED PUSSY MAKING HERSELF CUM.mp4 / 40398001 - ASMR SHAVING KAIIA EVE S TATTOOED PUSSY MAKING HERSELF CUM.mp4,1
Kill Bill. Vol. 2 (2004) Open Matte.mkv / Kill Bill. Vol. 2 (2004) Open Matte.mkv,0
FC2-PPV-3597230 / hhd800.com@FC2-PPV-3597230.mp4,1
Patriots.Day.2016.BDRip.x264.AC3.BGAUDiO-REFLUX / rflx-pday-bg.mkv,0
Murdoch.Mysteries.S16E09.1080p.WEBRip.x264-BAE[TGx] / Murdoch.Mysteries.S16E09.1080p.WEBRip.x264-BAE.mkv,0
Star.Trek.TNG.Complete.Series.720p.BRRip.EN-SUB.x264-kris33 / Season.7/Star.Trek.TNG.S07E25E26 - All Good Things.mkv,0
Cargo 2018 [WEB-DL] [1080p] [DUAL] COMANDOTORRENTS.COM / Cargo.2018.1080p.WEB-DL.DD5.1.x264-DUAL.WWW.COMANDOTORRENTS.COM.mkv,0
Jackpot.2024.1080p.WEBRip.1400MB.DD5.1.x264-GalaxyRG[TGx] / Jackpot.2024.1080p.WEBRip.1400MB.DD5.1.x264-GalaxyRG.mkv,0
madoubt.com 283929.xyz fc2ppv-4576430 / madoubt.com 283929.xyz fc2ppv-4576430.mp4,1
Shanghai.Noon.2000.1080p.BluRay.x265-DiN / Shanghai.Noon.2000.1080p.BluRay.x265-DiN.mkv,0
madoubt.com 689992.xyz 10musume-080225_01 / madoubt.com 689992.xyz 10musume-080225_01.mp4,1
madoubt.com 628232.xyz fc2ppv-4729767 / madoubt.com 628232.xyz fc2ppv-4729767.mp4,1
Lynda - Developing Multistate Objects in InDesign / 7 - Pulling It All Together/030 Solution - Adding navigation and editing objects.mp4,0
韩国巅峰女S「Yerin」OF重度调教私拍 男女奴一边做爱一边受刑，大幅超越常规调教 / 韩国巅峰女S「Yerin」OF重度调教私拍 男女奴一边做爱一边受刑，大幅超越常规调教.mp4,1
RARBG7038m-TrickyMasseur.21.10.20.Kristi / RARBG7038m-TrickyMasseur.21.10.20.Kristi.mp4,1
Mask Of Death 1996.mkv / Mask Of Death 1996.mkv,0
千人斩星选第二场性感美乳少妇，近距离特写掰开粉穴69倒立口交，快速猛操搞得大叫呻吟 / 千人斩星选第二场性感美乳少妇，近距离特写掰开粉穴69倒立口交，快速猛操搞得大叫呻吟.mp4,1
madoubt.com 922293.xyz 1pondo-030724_001 / madoubt.com 922293.xyz 1pondo-030724_001.mp4,1
There's Something in the Water (2019) 720p.10bit.WEBRip.x265-budgetbits.mkv / There's Something in the Water (2019) 720p.10bit.WEBRip.x265-budgetbits.mkv,0
Five.Feet.Apart.2019.BDRip(AVC).OlLanDGroup.mkv / Five.Feet.Apart.2019.BDRip(AVC).OlLanDGroup.mkv,0
漂亮美女主播颜值不错身材也苗条 自慰抠穴 木耳粉嫩 很是诱人 / 漂亮美女主播颜值不错身材也苗条 自慰抠穴 木耳粉嫩 很是诱人.mp4,1
Bicycle Dreams.mp4 / Bicycle Dreams.mp4,0
DOUBLE-STRAPON--BJ-anal-69-Riding-ATM.mp4 / DOUBLE-STRAPON--BJ-anal-69-Riding-ATM.mp4,1
Sarah Arabic - Shooting A Load In Sarah (20.07.2023)_1080p.mp4 / Sarah Arabic - Shooting A Load In Sarah (20.07.2023)_1080p.mp4,1
pervmom.22.02.13.pristine.edge.spilling.his.seed.mp4 / pervmom.22.02.13.pristine.edge.spilling.his.seed.mp4,1
推特泡良大神【榜一大哥 】约操各种高颜值美女3P车震VIP福利，房产销售、女邻居人妻杀手推荐 / 推特泡良大神【榜一大哥 】约操各种高颜值美女3P车震VIP福利，房产销售、女邻居人妻杀手推荐.mp4,1
HUNTB-367 / HUNTB-367.mp4,1
05年腹肌大长屌新人「里维」付费资源 “爸爸，操死我！”行走的人体炮机打桩调教白丝美腿萝莉少女 / 05年腹肌大长屌新人「里维」付费资源 “爸爸，操死我！”行走的人体炮机打桩调教白丝美腿萝莉少女.mp4,1
Bloodsport.1988.bdrip-avc.dexter_lex.mkv / Bloodsport.1988.bdrip-avc.dexter_lex.mkv,0
MIH-004 / MIH-004.mp4,1
Poker.Face.2023.S02E01.720p.x264-FENiX[EZTVx.to].mkv / Poker.Face.2023.S02E01.720p.x264-FENiX[EZTVx.to].mkv,0
Soderzhanki.s02.2020.WEB-DL.(720p).Files-x / Soderzhanki.s02e01.2020.WEB-DL.(1080p).Files-x.mkv,0
黑客破解网络摄像头偷拍麻将馆老板晚上留下两个欠了不少赌债的好赌少妇3P肉偿 / 黑客破解网络摄像头偷拍麻将馆老板晚上留下两个欠了不少赌债的好赌少妇3P肉偿.mp4,1
Girl.Next.2021.WEB-DL.1080p.seleZen.mkv / Girl.Next.2021.WEB-DL.1080p.seleZen.mkv,0
Mujercitas (Per) 2017 / Esp/Mujercitas S01E01 - Todo cambia.mp4,0
XVSR-753-uncensored-HD / XVSR-753-uncensored-nyap2p.com.mp4,1
NASS-978.mp4 / NASS-978.mp4,1
ManyVids 2025 Blowketing Catawaiss 1 XXX 1080p-XLeech.mp4 / ManyVids 2025 Blowketing Catawaiss 1 XXX 1080p-XLeech.mp4,1
《最新重磅新瓜速吃》价值千元虎牙主播界标杆颜值天花板女神【正恒Laney】定制终极版，紫薇露三点艳舞~炸裂 / 《最新重磅新瓜速吃》价值千元虎牙主播界标杆颜值天花板女神【正恒Laney】定制终极版，紫薇露三点艳舞~炸裂.mp4,0
   (2006) BDRemux 1080p.mkv /    (2006) BDRemux 1080p.mkv,1
NEO-798 / hhd800.com@NEO-798.mp4,1
小身板有大本事！联动众多OF女网黄博主！超人气泰国炮王「ilovesexary」私拍 / 小身板有大本事！联动众多OF女网黄博主！超人气泰国炮王「ilovesexary」私拍.mp4,1
Fast X (2023) BDRip 720p.mkv / Fast X (2023) BDRip 720p.mkv,0
BigTitCreamPie.20.11.21.Codi.Vore.XXX.2160p.MP4-WRB[rarbg] / bigtitcreampie.20.11.21.codi.vore.4k.mp4,1
Rent-a-Girlfriend.S04E05.Promised.Time.and.Girlfriend.1080p.CR.WEB-DL.DUAL.AAC2.0.H.264.MSubs-ToonsHub.mkv / Rent-a-Girlfriend.S04E05.Promised.Time.and.Girlfriend.1080p.CR.WEB-DL.DUAL.AAC2.0.H.264.MSubs-ToonsHub.mkv,0
madoubt.com 828533.xyz 1pondo-070320_001 / madoubt.com 828533.xyz 1pondo-070320_001.mp4,1
22 最强扫街达人，挑战各种嫩妹少妇，走街串巷，32岁极品美人妻，肤白貌美，这次真是捡到宝了，没花多少钱干了好逼 / 22 最强扫街达人，挑战各种嫩妹少妇，走街串巷，32岁极品美人妻，肤白貌美，这次真是捡到宝了，没花多少钱干了好逼.mp4,1
ShangChi.and.the.Legend.of.the.Ten.Rings.2021.D.TS.V2.72Op.mkv / ShangChi.and.the.Legend.of.the.Ten.Rings.2021.D.TS.V2.72Op.mkv,0
火爆各大成人平台的越南阿黑颜网黄Coser「Meiilyn」OF露脸自慰啪啪私拍合集 / 53311 - 金发大眼嫩妹口交翻白眼，各种姿势被干最后内射，舔技是真不错，cos妮姬阿妮斯_1 - #虞梅 #yuumeilyn 越南cos反差婊6月合集.mp4,1
onlyfans.la.nuit.des.french.blowjob.mikess.mp4 / onlyfans.la.nuit.des.french.blowjob.mikess.mp4,1
madoubt.com 885236.xyz fc2ppv-3195413 / madoubt.com 885236.xyz fc2ppv-3195413.mp4,1
The Big O 1080p BDRip / The Big O E11 1080p BDRip x264 FLAC-DECAY.mkv,0
HZGD-222-uncensored-HD / HZGD-222-uncensored-nyap2p.com.mp4,1
[Diogo4D] [DVD][480p] Oyasumi Sex - 04 [8C7655FB].mkv / [Diogo4D] [DVD][480p] Oyasumi Sex - 04 [8C7655FB].mkv,1
Dial 100 (2021) 720p WEB-DL x264 Hindi AAC2.0 ESub.mkv / Dial 100 (2021) 720p WEB-DL x264 Hindi AAC2.0 ESub.mkv,0
PureMature.19.04.25.Melissa.Lynn.Young.Mans.Wet.Dream.XXX.1080p.MP4-KTR[XvX] / puremature.19.04.25.melissa.lynn.young.mans.wet.dream.mp4,1
Danmachi IV Part2 [1080 x265] / Danmachi IV Part2 - 01 [1080p x265 10bit].mkv,0
madoubt.com 963228.xyz fc2ppv-1455209 / madoubt.com 963228.xyz fc2ppv-1455209.mp4,1
TVBOXNOW ViuTV 少年阿貝GOGO小芝麻 / TVBOXNOW ViuTV 少年阿貝GOGO小芝麻 EP04.mp4,0
顶级绿帽刷锅狠人 完美S级身材极品女神眼镜教师人妻【ZM宝儿】私拍，调教成母狗3P紫薇白浆特多原版 / 顶级绿帽刷锅狠人 完美S级身材极品女神眼镜教师人妻【ZM宝儿】私拍，调教成母狗3P紫薇白浆特多原版.mp4,1
The.Glass.Dome.S01.FRENCH.WEBRip.x264 / The.Glass.Dome.S01E05.FRENCH.WEBRip.x264.mp4,0
稀缺360 蓝月主题酒店精选  青春期爱的色放【完整无压缩】 / 稀缺360 蓝月主题酒店精选  青春期爱的色放【完整无压缩】.mp4,1
FakeHubOriginals - Malia Lenoir - Free Use Study Buddy (07.01.2025) rq.mp4 / FakeHubOriginals - Malia Lenoir - Free Use Study Buddy (07.01.2025) rq.mp4,1
China-TheEnemyWithin.2022 / China-TheEnemyWithin.1of5.Fauci.2022.1920x1080.mp4,0
madoubt.com 566953.xyz CHUC-022 / madoubt.com 566953.xyz CHUC-022.mp4,1
Hitoribocchi no Isekai Kouryaku [WEB-DL AMZN 1080p AVC DDP] / Hitoribocchi no Isekai Kouryaku - 04 [WEB-DL AMZN 1080p AVC DDP].mkv,0
SDMM-15303 / hhd800.com@SDMM-15303.mp4,1
Underground.1995.BDRip-AVC.mkv / Underground.1995.BDRip-AVC.mkv,0
The.Danish.Girl.2015.1080p.BDRip.AV1-DiN / The.Danish.Girl.2015.1080p.BDRip.AV1-DiN.mkv,0
madoubt.com 389569.xyz heyzo-1265 / madoubt.com 389569.xyz heyzo-1265.mp4,1
[FacialAbuse] Pancake (2017) [720p].mp4 / [FacialAbuse] Pancake (2017) [720p].mp4,0
Insurgency.Sandstorm-InsaneRamZes / Insurgency/Content/Movies/Lessons/Lesson_46_MinesPS4.mp4,0
GGG - Das Erste Mal Fortula Der Sperma Vulkan 720p GERMAN / GGG - Das Erste Mal Fortula Der Sperma Vulkan 720p GERMAN1.mp4,0
You 2023 S04 Part 1 Complete Hindi Dual Audio www.DownloadHub.us 720p Web-DL MSubs / You.s04e04.hampsie.720p.nf.web-dl.ddp5.1.h.264-DownloadHub.mkv,0
madoubt.com 663855.xyz MDON-081 / madoubt.com 663855.xyz MDON-081.mp4,1
Yoha Galvez - The gang bang of Yoha Galvez (21.06.2017)_720p.mp4 / Yoha Galvez - The gang bang of Yoha Galvez (21.06.2017)_720p.mp4,1
08【过那条巷子】[Xorde] 6月长篇新作：Spy D.Va Vol. 2 性感女间谍厕所自慰被清洁工后入中出 / [Xorde] 6月长篇新作：Spy D.Va Vol. 2 性感女间谍厕所自慰被清洁工后入中出.mp4,1
✿高能预警✿ 最美韩国TS逆天颜值女人都黯然失色 ▌Princess▌爆肏后紧致庭小表情太享受了 顶撞前列腺内射嫩菊.mp4 / ✿高能预警✿ 最美韩国TS逆天颜值女人都黯然失色 ▌Princess▌爆肏后紧致庭小表情太享受了 顶撞前列腺内射嫩菊.mp4,1
Chroniques Sexuelles.2012.BluRay.1080p.GERMAN AUDIO.mkv / Chroniques Sexuelles.2012.BluRay.1080p.GERMAN AUDIO.mkv,0
The Railway Man 2013 SloSubs 1080p BrRip x264 YIFY / The Railway Man 2013 1080p BrRip x264 YIFY.mp4,0
果冻传媒 YCM020 合租室友在我胯下呻吟 晴香 / 果冻传媒 YCM020 合租室友在我胯下呻吟 晴香.mp4,1
Devil.In.Suburbia.S01.1080p.WEBRip.x265[eztv.re] / Devil.In.Suburbia.S01E05.1080p.WEBRip.x265-RARBG[eztv.re].mp4,0
Contract.to.Kill.2016.BDRip.AVC.MVO.SDI_Media.mkv / Contract.to.Kill.2016.BDRip.AVC.MVO.SDI_Media.mkv,0
【女神爱肉棒性爱肉便器】双马尾萝莉『芽芽不乖』版私拍 被哥哥绑在厕所强操 后入内射 / 【女神爱肉棒性爱肉便器】双马尾萝莉『芽芽不乖』版私拍 被哥哥绑在厕所强操 后入内射.mp4,1
Sera Ryder - Teen Bush 4 (16.04.2022)_1080p.mp4 / Sera Ryder - Teen Bush 4 (16.04.2022)_1080p.mp4,1
JUX-855.HD / JUX-855.HD.mp4,1
Before.I.Go.to.Sleep.2014.BDRemux.1080p.NovaLan.mkv / Before.I.Go.to.Sleep.2014.BDRemux.1080p.NovaLan.mkv,0
Horny.Rollerskating.Teens.XXX.720P.WEBRIP.MP4-GUSH / gush.horny.rollerskating.teens.mp4,1
[MagicStar] Ultraman Decker EP17 [WEBDL] [1080p] [YOUTUBE] [ENG_CHS_SUB] / [MagicStar] Ultraman Decker EP17 [WEBDL] [1080p] [YOUTUBE].mkv,0
Daredevil.Born.Again.S01.COMPLETE.READ.NFO.DSNP.WEBRiP.AAC2.0.x264.HuN.EnG-B9R / Daredevil.Born.Again.S01E01.DSNP.WEBRiP.AAC2.0.x264.HuN.EnG-B9R.mkv,0
The Girl With The Needle (2024) [1080p] [WEBRip] [5.1] [YTS.MX] / The.Girl.With.The.Needle.2024.1080p.WEBRip.x264.AAC5.1-[YTS.MX].mp4,0
[JAV] [Uncensored] FC2 PPV 1521571 [1080p] / FC2-PPV-1521571.mp4,1
Mashaimedved.S07.WEB-DL.1080p.ExKinoRay / 08.Dobro.pogalovatj.v.grand.yyut.1080p.ExKinoRay.mkv,0
Divine-DD.23.05.19.Jackie.Hoff.XXX.720p.HEVC.x265.PRT / Divine-DD.23.05.19.Jackie.Hoff.XXX.720p.HEVC.x265.PRT.mp4,1
Nitro Circus (2012) [1080p] / Nitro.Circus.2012.1080p.BrRip.x264.YIFY.mp4,0
The Map That Leads to You (2025).mkv / The Map That Leads to You (2025).mkv,0
HD_NSFS-060 / freedl.org@NSFS-060.mp4,1
POVD.22.01.07.April.Valentino.Sexy.Billiards.XXX.2160p.MP4-WRB[rarbg] / povd.22.01.07.april.valentino.sexy.billiards.4k.mp4,1
Kingdom 3 (2023) [720p] [BluRay] [YTS.MX] / Kingdom.3.2023.720p.BluRay.x264.AAC-[YTS.MX].mp4,0
Glass.2019.BDRip.1080p.seleZen.mkv / Glass.2019.BDRip.1080p.seleZen.mkv,0
DMOW216 / DMOW216B.mp4,1
1783-es-content-v01-bodybalance-74-spanish.mp4 / 1783-es-content-v01-bodybalance-74-spanish.mp4,0
O.Hobbit.A.Desolacao.de.Smaug.Estendido.2014.1080p.Dual-WOLVERDONFILMES.COM / O.Hobbit.A.Desolacao.de.Smaug.Estendido.2014.1080p.Dual-WOLVERDONFILMES.COM.mkv,0
Tremors (1990) [2160p] [4K] [BluRay] [5.1] [YTS.MX] / Tremors.1990.2160p.4K.BluRay.x265.10bit.AAC5.1-[YTS.MX].mkv,0
American.Graffiti.1973.BDRip.1080p.tRuAVC.mkv / American.Graffiti.1973.BDRip.1080p.tRuAVC.mkv,0
M3GAN.2.0.PL.DUAL.2160p.AMZN.WEB-DL.SDR.DDP5.1.Atmos.HEVC-P2P.mkv / M3GAN.2.0.PL.DUAL.2160p.AMZN.WEB-DL.SDR.DDP5.1.Atmos.HEVC-P2P.mkv,0
[Erai-raws] Kusuriya no Hitorigoto 2nd Season - 23 [1080p CR WEBRip HEVC EAC3][MultiSub][56CAB301].mkv / [Erai-raws] Kusuriya no Hitorigoto 2nd Season - 23 [1080p CR WEBRip HEVC EAC3][MultiSub][56CAB301].mkv,0
[ElegantAnal] Carolina Vogue - Spoiled Rotten (07.12.2017) rq.MP4 / [ElegantAnal] Carolina Vogue - Spoiled Rotten (07.12.2017) rq.MP4,1
ArchAngel.23.11.24.Chloe.Rose.XXX.480p.MP4-XXX[XC] / archangel.23.11.24.chloe.rose.480p.mp4,1
Teenage Bounty Hunters S01 1080p NF WEBRip DDP5 1 Atmos x264-NTb / Teenage.Bounty.Hunters.S01E08.1080p.NF.WEB-DL.DDP5.1.Atmos.H.264-NTb.mkv,0
The.Present.2024.WEB-DL.1080p.ExKinoRay.mkv / The.Present.2024.WEB-DL.1080p.ExKinoRay.mkv,0
Motion Design School - Animated Typefaces with Animography / LESSON #4/#4.2. Using Overlord.mp4,0
Creampie In Charming Girls Cunt After Strange Sex (720).mp4 / Creampie In Charming Girls Cunt After Strange Sex (720).mp4,1
The.Good.Doctor.S07E05.720p.HDTV.x265-MiNX[TGx] / The.Good.Doctor.S07E05.720p.HDTV.x265-MiNX.mkv,0
New.ChloeWildd.Ana.Lingus.Live.Show.2024.09.28.AnalPlay.Amateur.Anal.DeepThroat.Dildo.Lesbian.POV.Rimming.Stockings.Strapon.Toys.AsstoMouth.ButtPlug.LiveShow.JORDAN8.mp4 / New.ChloeWildd.Ana.Lingus.Live.Show.2024.09.28.AnalPlay.Amateur.Anal.DeepThroat.Dildo.Lesbian.POV.Rimming.Stockings.Strapon.Toys.AsstoMouth.ButtPlug.LiveShow.JORDAN8.mp4,1
aavv40.xyz@DLDSS265 / aavv40.xyz@DLDSS265.mp4,1
AmateurBoxxx.20.07.28.Natalie.Porkman.Plays.Good.Cock.Bad.Cock..480p.MP4-XXX / abx.20.07.28.natalie.porkman.plays.good.cock.bad.cock.mp4,1
[LowPower-Raws] 幼なじみが絶対に負けないラブコメ (BD 1080P x264 FLAC) / [LowPower-Raws] 幼なじみが絶対に負けないラブコメ - 12 (BD 1080P x264 FLAC).mkv,0
Firebrand (2023) [2160p] [4K] [WEB] [5.1] [YTS.MX] / Firebrand.2023.2160p.4K.WEB.x265.10bit.AAC5.1-[YTS.MX].mkv,0
Andromeda.S01.480p.x264-ZMNT / Andromeda.S01E22.480p.x264-ZMNT.mkv,0
Mapp.And.Lucia.2014.S01.WEBRip.x264-ION10 / Mapp.And.Lucia.2014.S01E02.WEBRip.x264-ION10.mp4,0
gandhi.1982.1080p.bluray.x264.duallapumiafilmes.com / Gandhi.1982.1080p.BluRay.x264.DUAL-LAPUMiAFiLMES.COM.mkv,0
Spizoo 23 03 29 Charlotte Sins Hooks Up In New Town XXX 720p-XLeech.mp4 / Spizoo 23 03 29 Charlotte Sins Hooks Up In New Town XXX 720p-XLeech.mp4,1
Kuroshitsuji Book of Murder (OVA) [Anything Group] / Kuroshitsuji Book of Murder - OVA 02 [Anything Group].mkv,0
018_3xplanet_HSRM-015.mp4 / 018_3xplanet_HSRM-015.mp4,1
madoubt.com 925686.xyz LOOTA-030 / madoubt.com 925686.xyz LOOTA-030.mp4,1
Brazzers - Ada Lapiedra - It Was All A Wet Dream (18.04.2025) rq.mp4 / Brazzers - Ada Lapiedra - It Was All A Wet Dream (18.04.2025) rq.mp4,1
dccdom.com@NACR942C / dccdom.com@NACR942C.mp4,1
Dangerous Family.mp4 / Dangerous Family.mp4,1
fcp2013-11-21_1280.mp4 / fcp2013-11-21_1280.mp4,1
SexArt - Sata Jones - Passion And Sweet Kisses (28.02.2024) rq.mp4 / SexArt - Sata Jones - Passion And Sweet Kisses (28.02.2024) rq.mp4,1
推特21万粉极品美少女潮吹萝莉公主【兔崽爱喷水】订阅私拍，可盐可甜各种制服人前户外露出道具紫薇喷喷喷 / 推特21万粉极品美少女潮吹萝莉公主【兔崽爱喷水】订阅私拍，可盐可甜各种制服人前户外露出道具紫薇喷喷喷.mp4,1
最新流出乐橙酒店偷拍 ️神似章泽天的妹子貌似发现了镜头藐视的眼神 / 最新流出乐橙酒店偷拍 ️神似章泽天的妹子貌似发现了镜头藐视的眼神.mp4,1
Hells Kitchen US S23E06 Hell on Wheels 720p AMZN WEB-DL DDP5 1 H 264-FLUX[TGx] / Hells Kitchen US S23E06 Hell on Wheels 720p AMZN WEB-DL DDP5 1 H 264-FLUX.mkv,0
Mofos - Merica's Workout - Marica Chanelle [01.28.20].mp4 / Mofos - Merica's Workout - Marica Chanelle [01.28.20].mp4,0
Elementary.S03.400p.WEB-DL.x264.DualAudio.perdah.&.LOVE / Elementary.S03E16.720x400.WEB-DL.x264.DualAudio.perdah.&.LOVE.mkv,0
DPDiva - Riley Jean - First Ever DP Experience For Naughty Brunette Riley Jean rq.mp4 / DPDiva - Riley Jean - First Ever DP Experience For Naughty Brunette Riley Jean rq.mp4,1
Umechan Sensei digest part 1 hardsub.mp4 / Umechan Sensei digest part 1 hardsub.mp4,1
[MonstersOfCock] Khloe Kapri - Cock Deep In Teen for Creampie (19.01.2020) rq.mp4 / [MonstersOfCock] Khloe Kapri - Cock Deep In Teen for Creampie (19.01.2020) rq.mp4,1
小狐狸烧烧 / 小狐狸烧烧.mp4,1
NSFS-365 / NSFS-365.mp4,1
Strange.Darling.2023.BDRemux.1080p.pk.mkv / Strange.Darling.2023.BDRemux.1080p.pk.mkv,0
The.Walking.Dead.Dead.City.S02.1080p.WEBRip.x265-KONTRAST / The.Walking.Dead.Dead.City.S02E01.1080p.WEBRip.x265-KONTRAST.mkv,0
[AsukaRaws] Dainanaoji - 20 (WEB-DL 1280x720 x264 AAC).mp4 / [AsukaRaws] Dainanaoji - 20 (WEB-DL 1280x720 x264 AAC).mp4,0
Duster.S01E08.1080p.HEVC.x265-MeGusta[EZTVx.to].mkv / Duster.S01E08.1080p.HEVC.x265-MeGusta[EZTVx.to].mkv,0
SONE-628 / hhd800.com@SONE-628.mp4,1
舞蹈老师有来了原来是骚师父店里的钻石会员每周都要来找骚师满足生理需求 / 舞蹈老师有来了原来是骚师父店里的钻石会员每周都要来找骚师满足生理需求.mp4,1
JUR-452.mp4 / JUR-452.mp4,1
Todos Los Pecados - Temporada 2 [HDTV 720p][Cap.202][AC3 5.1 Castellano][www.AtomoHD.CASA] / Todos Los Pecados - Temporada 2 [HDTV 720p][Cap.202][AC3 5.1 Castellano][www.AtomoHD.CASA].mkv,0
Merlin.S04.BDRip.x265-ION265 / Merlin.S04E09.BDRip.x265-ION265.mp4,0
"Laula - 18, Student In Bordeaux! (29.07.2019)_480p.mp4 / Laula - 18, Student In Bordeaux! (29.07.2019)_480p.mp4",1
【重磅核弹】黄X顶级模特【安琪（欣茹）】极品御姐，超清画。质美妙胴体 / 【重磅核弹】黄X顶级模特【安琪（欣茹）】极品御姐，超清画。质美妙胴体.mp4,1
Heybot 10bit / [Shiniori-Raws] Heybot - 40 (BD 1280x720 x264 10bit AAC).mp4,0
JUX-621_JavPlayer.mp4 / JUX-621_JavPlayer.mp4,1
www.Torrenting.com - Cosmic.Disclosure.S21E08.720p.WEB.H264-SKYFiRE / cosmic.disclosure.s21e08.720p.web.h264-skyfire.mkv,0
SSNI-765 / SSNI-765.mp4,1
Death.Wish.4.1987.1080p.Bluray.AVC.Remux.mkv / Death.Wish.4.1987.1080p.Bluray.AVC.Remux.mkv,0
More Brains A Return To The Living Dead (2011) [720p] [BluRay] [YTS.MX] / More.Brains.A.Return.To.The.Living.Dead.2011.720p.BluRay.x264.AAC-[YTS.MX].mp4,0
[JAV] [Uncensored] SSPD-115 [1080p] / sspd115_Uncen.mp4,1
UFC.Fight.Night.252.Cejudo.vs.Song.1080p.WEB-DL.H264.Fight-BB.mkv / UFC.Fight.Night.252.Cejudo.vs.Song.1080p.WEB-DL.H264.Fight-BB.mkv,0
431868_3xplanet_SONE-360.mp4 / 431868_3xplanet_SONE-360.mp4,1
"Masquerade Hotel,2018.1080p.WEBRip.H264.AAC / Masquerade Hotel,2018.1080p.WEBRip.H264.AAC.mkv",0
MyLifeInMiami.21.01.15.Dakota.Burns.Little.Go.Getter.XXX.2160p.MP4-WRB[rarbg] / mlim.21.01.15.dakota.burns.little.go.getter.4k.mp4,1
JUL-444C / JUL-444C.mp4,1
[ OxTorrent.com ] Captain America The First Avenger (2011) VF2-ENG AC3 BluRay 1080p x264.GHT.mkv / [ OxTorrent.com ] Captain America The First Avenger (2011) VF2-ENG AC3 BluRay 1080p x264.GHT.mkv,0
Predator.1987.BDRip.x264.AAC-WARHD / whptor.mkv,0
Dawn.Breaks.Behind.The.Eyes.2021.GERMAN.1080p.WEBRip.x265-VXT / Dawn.Breaks.Behind.The.Eyes.2021.GERMAN.1080p.WEBRip.x265-VXT.mp4,0
The.Ring.2.2005.WEBRip.x264.AAC.-whip93.mkv / The.Ring.2.2005.WEBRip.x264.AAC.-whip93.mkv,0
HEYZO-0898-HD / HEYZO-0898-HD.mp4,1
JUL-454 / JUL-454.mp4,1
Luxure - wives to be initiated(NEEW) / Luxure  Wives To Be Initiated_720.mp4,1
madoubt.com 289566.xyz caribbeancom-042123_001 / madoubt.com 289566.xyz caribbeancom-042123_001.mp4,1
Dolor.Y.Gloria.2019.1080p.BluRay.x264.DTS-URBiN4HD / Dolor.Y.Gloria.2019.1080p.BluRay.x264.DTS-URBiN4HD.mkv,0
www.UIndex.org    -    Squid.Game.S03E06.1080p.HEVC.x265-MeGusta / Squid.Game.S03E06.1080p.HEVC.x265-MeGusta.mkv,0
MIDV-050_1K-C / @bo99.tv_MIDV-050.mp4,1
Subservience (2024) [1080p] [WEBRip] [5.1] [YTS.MX] / Subservience.2024.1080p.WEBRip.x264.AAC5.1-[YTS.MX].mp4,0
1987.Robokop.Remastered.likko.mkv / 1987.Robokop.Remastered.likko.mkv,0
"WP-3183 Christina Carter and Isis Love / WP - Nov 03, 2005 - Christina Carter and Isis Love (3183).480p.mp4",1
Proshow Producer project - Ink Fantasy / video/Particles.mp4,0
madoubt.com 356959.xyz fc2ppv-2985253 / madoubt.com 356959.xyz fc2ppv-2985253.mp4,1
[Luna-Raws] BiSH - OTNK [SSTV][720p-AAC][D874F2C4].mkv / [Luna-Raws] BiSH - OTNK [SSTV][720p-AAC][D874F2C4].mkv,1
My Sex Life... Or How I Got Into An Argument (1996) [720p] [WEBRip] [YTS.MX] / My.Sex.Life....Or.How.I.Got.Into.An.Argument.1996.720p.WEBRip.x264.AAC-[YTS.MX].mp4,0
人气反差ASMR女网黄「deerlong」OF性爱私拍 电动小马达激烈骑乘把男友榨出白浆 / 人气反差ASMR女网黄「deerlong」OF性爱私拍 电动小马达激烈骑乘把男友榨出白浆.mp4,1
Monamour.2006.1080p.BDRip.AV1-DiN / Monamour.2006.1080p.BDRip.AV1-DiN.mkv,0
madoubt.com 623655.xyz ALDN-376 / madoubt.com 623655.xyz ALDN-376.mp4,1
❤️√ 学生妹 【米米】馒头粉逼 奶型很好看 反光了 逼毛稀疏  小穴紧致 无套爆插！高潮起飞 / ❤️√ 学生妹 【米米】馒头粉逼 奶型很好看 反光了 逼毛稀疏  小穴紧致 无套爆插！高潮起飞.mp4,1
madoubt.com 986628.xyz heyzo-3500 / madoubt.com 986628.xyz heyzo-3500.mp4,1
"Bella Rose, Daphne Dare - Fourth Of July Creampie 06.25.19.mp4 / Bella Rose, Daphne Dare - Fourth Of July Creampie 06.25.19.mp4",1
Muzchina.Narashvat.2012.DUAL.BDRip.x264.-HELLYWOOD.mkv / Muzchina.Narashvat.2012.DUAL.BDRip.x264.-HELLYWOOD.mkv,0
dasd-566 / dasd-566.mp4,1
madoubt.com 388295.xyz NSFS-326 / madoubt.com 388295.xyz NSFS-326.mp4,1
Naturgeile Dienstmädchen / Naturgeile Dienstmädchen.mp4,1
PP168.cc-TUNA009 / PP168.cc-TUNA009.mp4,1
www.youiv.pw 少女偶像 原创 SBVD-0384 Rui Kiriyama 桐山瑠衣 最近の瑠衣さん / www.youiv.pw_SBVD-0384.mp4,1
madoubt.com 398853.xyz 1pondo-071516_340 / madoubt.com 398853.xyz 1pondo-071516_340.mp4,1
The.Accountant.2016.Open.Matte.720p.AMZN.WEB-DL.DTS.H.264.Hun-L77 / The.Accountant.2016.Open.Matte.720p.AMZN.WEB-DL.DTS.H.264.Hun-L77.mkv,0
"EvilAngel - Thaisa Carvalho, Larissa Leite - TS Thaisa Carvalho Cum-Soaked 3-Way (14.02.2024) rq.mp4 / EvilAngel - Thaisa Carvalho, Larissa Leite - TS Thaisa Carvalho Cum-Soaked 3-Way (14.02.2024) rq.mp4",1
Salems.Lot.2024.2160p.WEB.H265-StalwartUtopianJaguarundiOfArgument[TGx] / salems.lot.2024.2160p.web.h265-stalwartutopianjaguarundiofargument.mkv,0
Protect Your Luck / Good.Luck.2025.S01E43.1080p.KCW.WEB-DL.AAC2.0.H.264-CHIOS.mkv,0
[WakeUpNFuck] Lara West (WUNF 242 - 11.03.2018) rq.mp4 / [WakeUpNFuck] Lara West (WUNF 242 - 11.03.2018) rq.mp4,1
[Anku & mutagenb] Dr. Stone - 18 [720p rus].mkv / [Anku & mutagenb] Dr. Stone - 18 [720p rus].mkv,0
The Librarian Return To King Solomon's Mines (2006) [BluRay] [720p] [YTS.AM] / The.Librarian.Return.To.King.Solomon's.Mines.2006.720p.BluRay.x264-[YTS.AM].mp4,0
From.dusk.till.dawn.1996.720p.mkv / From.dusk.till.dawn.1996.720p.mkv,0
Hot Girl Fucks For Money (480).mp4 / Hot Girl Fucks For Money (480).mp4,1
madoubt.com 652828.xyz BONY-028 / madoubt.com 652828.xyz BONY-028.mp4,1
The Tomorrow War (2021) [1080p] [WEBRip] [5.1] [YTS.MX] / The.Tomorrow.War.2021.1080p.WEBRip.x264.AAC5.1-[YTS.MX].mp4,0
Legalporno - Nadya Basinger - gets 4on1 GIO1207 [09.22.19].mp4 / Legalporno - Nadya Basinger - gets 4on1 GIO1207 [09.22.19].mp4,1
【反差婊子】精选10套高颜值美女生活淫乱视图合集 / 【反差婊子】精选10套高颜值美女生活淫乱视图合集.mp4,1
TUSHY_100725-JESSA_1080P.mp4 / TUSHY_100725-JESSA_1080P.mp4,1
Constellation 1 - LostFilm.TV [1080p] / Constellation.S01E06.1080p.rus.LostFilm.TV.mkv,0
20250823_LIG_25.26_R.02_OM_vs_PFC_[rgfootball.net]_720p.50.mkv / 20250823_LIG_25.26_R.02_OM_vs_PFC_[rgfootball.net]_720p.50.mkv,0
www.lyrics.lol    -    Restaurant Impossible S18E01 Moving On in Montana 720p H / Restaurant.Impossible.S18E01.Moving.On.in.Montana.720p.HEVC.x265-MeGusta.mkv,0
[MySistersHotFriend] Madison Summers / Madison Summers.mp4,1
[Hikounin-Raws] No. 1 Sentai Gozyuger - 02 [7097B0A0].mkv / [Hikounin-Raws] No. 1 Sentai Gozyuger - 02 [7097B0A0].mkv,1
www.scenetime.com - Mommy.I.Didnt.Do.It.2017.1080p.AMZN.WEB-DL.DDP2.0.x264-ABM / Mommy.I.Didnt.Do.It.2017.1080p.AMZN.WEB-DL.DDP2.0.x264-ABM.mkv,0
Maria.2024.WEB-DL.720p.mkv / Maria.2024.WEB-DL.720p.mkv,0
Taxi.3.2003.BDRip.1080p.ExKinoRay.mkv / Taxi.3.2003.BDRip.1080p.ExKinoRay.mkv,0
The.Breakfast.Club.1985.BDRip.720p.Hi10P.AAC.Rus.Eng.Subs.mkv / The.Breakfast.Club.1985.BDRip.720p.Hi10P.AAC.Rus.Eng.Subs.mkv,0
KarupsOW.15.06.08.Goldee.Monroe.Solo.4.XXX.720p.MP4-KTR[rarbg] / kow.15.06.08.goldee.monroe.solo.4.mp4,1
ADN-059-uncensored-HD / ADN-059-uncensored-nyap2p.com.mp4,1
World Of BangBros She Likes It Rough Vol. 5 / Bunny Colby.mp4,1
Lucy_Li_Ester_Memorable_Vacation_SD.mp4 / Lucy_Li_Ester_Memorable_Vacation_SD.mp4,1
破解百度云美女 相册 超精品泄密福州王思雯等7位美女不雅性爱图影流出 / 相册 6/gc2048.com-QQ视频_66f8c3429f7cde5fb505cd44429f226d1670527459.mp4,1
FC2-PPV-2629651 / FC2-PPV-2629651.mp4,1
[Raws-4U] 銀河機攻隊 マジェスティックプリンス (MX 1280x720 x264) / [Raws-4U] 銀河機攻隊 マジェスティックプリンス 第24話(終) 「宇宙に散る花」 (MX 1280x720 x264).mp4,0
[Erai-raws] Hataraku Maou-sama!! Part 2 - 05 [1080p][Multiple Subtitle][C0071B63].mkv / [Erai-raws] Hataraku Maou-sama!! Part 2 - 05 [1080p][Multiple Subtitle][C0071B63].mkv,0
CEAD241 / 台湾uu祼聊室，注册成为会员免费送50点，指挥妹子露波露B.mp4,1
In.the.Name.of.Ben.Hur.3D.2016.1080p.BluRay.x264-UNVEiL[PRiME] / in.the.name.of.ben.hur.3d.2016.1080p.bluray.x264-unveil[PRiME].mkv,0
修女白苗条双女互摸女同诱惑，舌吻舔奶舔逼手指扣弄互相摩擦 / 修女白苗条双女互摸女同诱惑，舌吻舔奶舔逼手指扣弄互相摩擦.mp4,1
FC2-PPV-2466300 / hhd800.com@FC2-PPV-2466300_2.mp4,1
100.Days.My.Princ.S01.720p.2018 / 100.Days.My.Princ.S01.E16.720p.2018.SoftBox.mkv,0
Lady Buxxx - FIRST DP WITH BLACK GUYS! Sexy Milf Lady Buxxx Gets Her First Double Penetration From Three Black Cocks EKS430 (27.09.2024)_480p.mp4 / Lady Buxxx - FIRST DP WITH BLACK GUYS! Sexy Milf Lady Buxxx Gets Her First Double Penetration From Three Black Cocks EKS430 (27.09.2024)_480p.mp4,1
【高清剧集网发布 www.DDHDTV.com】父辈的荣耀[全30集][国语配音+中文字幕].A.Long.Way.Home.S01.2023.2160p.WEB-DL.H265.DDP2.0-SeeWEB / 父辈的荣耀.A.Long.Way.Home.S01E30.2023.2160p.WEB-DL.H265.DDP2.0-SeeWEB.mp4,0
Gravity_3D / Gravity_3D.mkv,0
Shinobi no mono Zoku Kirigakure Saizô. Ninja 5 Return Of Mist Saizo.1964.WEB-DL.1080p.SJ79.mkv / Shinobi no mono Zoku Kirigakure Saizô. Ninja 5 Return Of Mist Saizo.1964.WEB-DL.1080p.SJ79.mkv,0
BBWHighway.24.04.12.Nikki.Sequoia.And.Mr.Blvck.Rose.XXX.720p.MP4-P2P[XC] / bbwhighway.24.04.12.nikki.sequoia.and.mr.blvck.rose.xxx.mp4,1
WoodmanCastingX - Molly Lee (15.07.2024) 720p rq.mp4 / WoodmanCastingX - Molly Lee (15.07.2024) 720p rq.mp4,1
堕落的老婆 ️暗骚老婆被骚货闺蜜拉下水被大肉棒操了个爽 大神自剪辑 中文字幕 高清720P版 / 堕落的老婆 ️暗骚老婆被骚货闺蜜拉下水被大肉棒操了个爽 大神自剪辑 中文字幕 高清720P版.mp4,1
PlayboyPlus.20.05.22.Mia.Valentine.High.Rise.XXX.1080p.MP4-KTR[XvX] / playboyplus.20.05.22.mia.valentine.high.rise.mp4,1
madoubt.com 623655.xyz caribbeancom-011420_001 / madoubt.com 623655.xyz caribbeancom-011420_001.mp4,1
"Khali Noire - Khali Noire, Very Beautifull Slim Brazilian Quits The Scene After Taking Too Much Dicks In Her Ass (DAP, Anal, ATM, Dirty Talk, BBC, 3on1) OB533 (19.08.2025)_720p.mp4 / Khali Noire - Khali Noire, Very Beautifull Slim Brazilian Quits The Scene After Taking Too Much Dicks In Her Ass (DAP, Anal, ATM, Dirty Talk, BBC, 3on1) OB533 (19.08.2025)_720p.mp4",1
miaa-463ch / miaa-463ch.mp4,1
kbtk-002 / kbtk-002-1.mp4,1
Leolulu-51173a03_hd_57fcfb8959ad9a14d8e15d6d2325f97e.mp4 / Leolulu-51173a03_hd_57fcfb8959ad9a14d8e15d6d2325f97e.mp4,1
Hit Man 2023 1080p 10bit WEBRip 6CH X265 HEVC-PSA / Hit Man 2023 1080p 10bit WEBRip 6CH X265 HEVC-PSA.mkv,0
20th.Century.Boys.Trilogy.1080p.BluRay.x264 / 20th.Century.Boys.Chapter.Two.The.Last.Hope.2009.1080p.BluRay.x264-BestHD/20th.Century.Boys.Chapter.Two.The.Last.Hope.2009.1080p.BluRay.x264-BestHD.mkv,0
Project X (2012) [1080p] / Project.X.2012.EXTENDED.1080p.BluRay.x264.mp4,0
OnlyFans.2023.Swedish.Peach.Anal.Fuck.With.BF.1.XXX.720p.HEVC.x265.PRT[XvX] / OnlyFans.2023.Swedish.Peach.Anal.Fuck.With.BF.1.XXX.720p.HEVC.x265.PRT.mkv,1
[KORSARS]_Bame.pineun.kkot.S01.1080p.WEBRip.x264 / Bame.pineun.kkot.S01E12.1080p.WEBRip.x264.mkv,0
Philavise.20.01.01.Aria.Khaide.And.Draven.Star.Suck.Session.XXX.720p.HEVC.x265.PRT / Philavise.20.01.01.Aria.Khaide.And.Draven.Star.Suck.Session.XXX.720p.HEVC.x265.PRT.mp4,1
Ant.Man.and.the.Wasp.Quantumania.2023.DUB.x264.seleZen.mkv / Ant.Man.and.the.Wasp.Quantumania.2023.DUB.x264.seleZen.mkv,0
Canary.Black.2024.2160p.WEB-DL.SDR.H265.mkv / Canary.Black.2024.2160p.WEB-DL.SDR.H265.mkv,0
大屌出击横扫美女【屌哥寻花】约炮高颜值兼职高校学妹 鸳鸯浴后床上激情性爱大战 叫床够骚够浪 / 大屌出击横扫美女【屌哥寻花】约炮高颜值兼职高校学妹 鸳鸯浴后床上激情性爱大战 叫床够骚够浪.mp4,1
爱豆传媒IDG5485饥渴岳母上约炮平台卖春求操 / 爱豆传媒IDG5485饥渴岳母上约炮平台卖春求操.mp4,1
madoubt.com 932356.xyz fc2ppv-3175924 / madoubt.com 932356.xyz fc2ppv-3175924.mp4,1
TushyRAW 22 02 23 Kiara Lord XXX 480p-MP4.mp4 / TushyRAW 22 02 23 Kiara Lord XXX 480p-MP4.mp4,1
2025 AMA Supercross Rd 7 Dallas 1080p60 x265 / 2025 AMA Supercross Rd 7 Dallas 1080p60 x265.mkv,0
AssholeFever.20.03.07.Mia.Split.Ready.For.Morning.Anal..480p.MP4-XXX / assholefever.20.03.07.mia.split.ready.for.morning.anal.mp4,1
Criminal Justice A Family Matter S01E08 2160p / Criminal Justice A Family Matter S01E08 The Higher Law 2160p JioH WEB-DL Multi-Audio DDP5.1-Atmos H.265-TBMovies.mkv,0
Gina Gerson - Inexplicably Wonderful 2.1080.mp4 / Gina Gerson - Inexplicably Wonderful 2.1080.mp4,1
Ambush.2023.720p.BluRay.800MB.x264-GalaxyRG[TGx] / Ambush.2023.720p.BluRay.800MB.x264-GalaxyRG.mkv,0
Vixen.17.05.04.Kendra.Sunderland.Riley.Reid.Unexpected.Feelings.1080p.HEVC.HQ / Vixen.17.05.04.Kendra.Sunderland.Riley.Reid.Unexpected.Feelings.mp4,0
Monsters and Mysteries in America S02 720p HDTV x264 / Monsters.and.Mysteries.in.America.S02E07.720p.HDTV.x264-DHD.mkv,0
PPPE-356-C / PPPE-356-C.mp4,1
ph2014-05-19_1920.mp4 / ph2014-05-19_1920.mp4,1
GHPM-42 / GHPM-42.mp4,1
NSFS-279 / NSFS-279.mp4,1
MIDA-101 / hhd800.com@MIDA-101.mp4,1
addtaylormusa_720hq.mp4 / addtaylormusa_720hq.mp4,1
Birth.Rite.2003.1080p.AMZN.WEBRip.DDP2.0.x264-PTP / Birth.Rite.2003.1080p.AMZN.WEB-DL.DDP2.0.H.264-PTP.mkv,0
BNST-056 / BNST-056.mp4,1
A.Working.Moms.Nightmare.2019.1080p.WEBRip.x265-RARBG / A.Working.Moms.Nightmare.2019.1080p.WEBRip.x265-RARBG.mp4,0
Sorority Row.mkv / Sorority Row.mkv,1
The.Birch.S01E04.Thee.Who.Breaks.Me.1080p.WEB-DL.x264-ROYALTiES.mkv / The.Birch.S01E04.Thee.Who.Breaks.Me.1080p.WEB-DL.x264-ROYALTiES.mkv,0
The.Last.of.Us.S01.720p.AMZN.WEB-DL.DD+5.1.Atmos.H.264.HuN-No1 / The.Last.of.Us.S01E01.720p.AMZN.WEB-DL.DD+5.1.Atmos.H.264.HuN-No1.mkv,0
Babylon.2022.1080p.WEBRip.x265-RARBG / Babylon.2022.1080p.WEBRip.x265-RARBG.mp4,0
madoubt.com 529239.xyz heyzo-3399 / madoubt.com 529239.xyz heyzo-3399.mp4,1
Don.Juan.Felix.Grey.Musicale.2005.mkv / Don.Juan.Felix.Grey.Musicale.2005.mkv,0
Dead Space.Aftermath.2011.720p.BluRay.x264-7SiNS / dsa.2011.720p.bluray-7sins.mkv,0
Bajirao.Mastani.2015.720p.BluRay.x264.Hindi.AAC-ETRG / Bajirao.Mastani.2015.720p.BluRay.x264.Hindi.AAC-ETRG.mp4,0
FC2PPV-4597050 / FC2PPV-4597050.mp4,1
The.Beekeeper.2024.HDRip.x264-ZmN / The.Beekeeper.2024.HDRip.x264-ZmN.mkv,0
madoubt.com 398853.xyz fc2ppv-1568767 / madoubt.com 398853.xyz fc2ppv-1568767.mp4,1
生万物08.mp4 / 生万物08.mp4,0
New.Backroom.Casting.Couch.Annie.School.Teacher.Learns.the.ABCs.of.Anal.2023.Anal.Hardcore.Casting.Bigtits.ILUVY.mp4 / New.Backroom.Casting.Couch.Annie.School.Teacher.Learns.the.ABCs.of.Anal.2023.Anal.Hardcore.Casting.Bigtits.ILUVY.mp4,1
Afro Samurai BDRip 1080p [rich_jc] / Ep/Afro Samurai - 01 (1080p).mkv,0
AnalVids.23.06.15.Aliana.Foxs.Huge.Cock.Destroys.Small.Ass.Skinny.With.Perfect.Gape.And.Cum.In.Mouth.VG203.XXX.1080p.HEVC.x265.PRT[XvX] / AnalVids.23.06.15.Aliana.Foxs.Huge.Cock.Destroys.Small.Ass.Skinny.With.Perfect.Gape.And.Cum.In.Mouth.VG203.XXX.1080p.HEVC.x265.PRT.mkv,1
madoubt.com 559586.xyz heyzo-0828 / madoubt.com 559586.xyz heyzo-0828.mp4,1
MRSS-165.mp4 / MRSS-165.mp4,1
Sing.2016.BDRip.x264.BG.AUDiO.AAC-WAR / wsing.mkv,0
Looney.Tunes.Back.In.Action.2003.1080p.BluRay.x265-RARBG / Looney.Tunes.Back.In.Action.2003.1080p.BluRay.x265-RARBG.mp4,0
Skyscraper 1996 DVDRip x264.[N1C] / Skyscraper 1996 DVDRip x264[N1C].mkv,0
DefeatedSexFight.22.08.12.Cherry.Kiss.And.Kitana.Lure.Humiliation.And.Domination.XXX.480p.MP4-XXX[XC] / defeatedsexfight.22.08.12.cherry.kiss.and.kitana.lure.humiliation.and.domination.480p.mp4,1
madoubt.com 839553.xyz heyzo-3501 / madoubt.com 839553.xyz heyzo-3501.mp4,1
Riverdale.S01E08.HDTV.x264-SVA.mkv / Riverdale.S01E08.HDTV.x264-SVA.mkv,0
UltraFilms.22.10.31.Alissa.Foxy.And.Kelly.Collins.Love.Queens.XXX.2160p.MP4-P2P[XC] / ultrafilms.22.10.31.alissa.foxy.and.kelly.collins.love.queens.xxx.mp4,1
IPX-856 / IPX-856.H265.mp4,1
重磅推荐！苏州G奶校花，真实可约，【大二学妹】尺度升级，第一次玩跳蛋，馒头逼，看了让人眼馋不已 / 重磅推荐！苏州G奶校花，真实可约，【大二学妹】尺度升级，第一次玩跳蛋，馒头逼，看了让人眼馋不已.mp4,1
Вий.2014_Nataleksa.mkv / Вий.2014_Nataleksa.mkv,1
侣自拍视频流出 渣男的极品大奶女友-第八卷 / 侣自拍视频流出 渣男的极品大奶女友-第八卷.mp4,1
dracula-contra-frankenstein-1972 / Dracula contra Frankenstein (1972).ia.mp4,0
www.UIndex.org    -    The.Righteous.Gemstones.S04E02.1080p.WEB.H264-SuccessfulCrab / the.righteous.gemstones.s04e02.1080p.web.h264-successfulcrab.mkv,0
【WRE】MXGS-421 chuzhongch / 【WRE】MXGS-421 chuzhongch.mp4,1
EMSK-012 / hhd800.com@EMSK-012.mp4,1
VEC-728 / VEC-728.mp4,1
The.Righteous.Gemstones.S01E01.480p.x264-mSD[eztv].mkv / The.Righteous.Gemstones.S01E01.480p.x264-mSD[eztv].mkv,0
madoubt.com 529358.xyz caribbeancom-081313_405 / madoubt.com 529358.xyz caribbeancom-081313_405.mp4,1
果哥 李丽莎 性感品酒师李L莎唯美写真视频《爆乳品酒师》完整版--知名嫩模推女郎李L莎惊艳写真视频，丰乳肥臀露点露毛，性感魅惑 / 果哥 李丽莎 性感品酒师李L莎唯美写真视频《爆乳品酒师》完整版--知名嫩模推女郎李L莎惊艳写真视频，丰乳肥臀露点露毛，性感魅惑.mp4,1
18Lust.23.11.24.Kelly.And.Yessi.Threesome.XXX.480p.MP4-XXX[XC] / 18lust.23.11.24.kelly.and.yessi.threesome.480p.mp4,1
The.Toxic.Avenger.Part.II.1989.1080p.BluRay.H264.AAC-RARBG / The.Toxic.Avenger.Part.II.1989.1080p.BluRay.H264.AAC-RARBG.mp4,0
masters.of.the.air.s01e05.multi.1080p.web.h264-anesse[EZTVx.to].mkv / masters.of.the.air.s01e05.multi.1080p.web.h264-anesse[EZTVx.to].mkv,0
DomingoView.24.11.17.Aurora.XXX.1080p.MP4-WRB[XC] / domingoview.24.11.17.aurora.mp4,1
madoubt.com 899285.xyz 1pondo-032220_990 / madoubt.com 899285.xyz 1pondo-032220_990.mp4,1
商城跟随偷窥逛街的漂亮美女 三闺蜜一起抄了 还是眼镜妹子最骚 透明内内逼毛清晰可见 / 商城跟随偷窥逛街的漂亮美女 三闺蜜一起抄了 还是眼镜妹子最骚 透明内内逼毛清晰可见.mp4,1
mkmp157.mp4 / mkmp157.mp4,1
Tupac.And.Biggie.Worlds.Collide.2023.1080p.WEBRip.700MB.DD2.0.x264-GalaxyRG[TGx] / Tupac.And.Biggie.Worlds.Collide.2023.1080p.WEBRip.700MB.DD2.0.x264-GalaxyRG.mkv,0
The.Harder.They.Fall.2021.1080p.WEBRip.x265.DDP5.1.Atmos-WAR / war-harderfall.mkv,0
TheFlourishXXX.21.06.09.Lily.Lark.And.Missy.Deep.XXX.720p.WEB.x264-GalaXXXy[XvX] / TheFlourishXXX.21.06.09.Lily.Lark.And.Missy.Deep.XXX.720p.WEB.x264-GalaXXXy.mkv,1
Mamas Boy / Mamas.Boy (1).mp4,1
【重磅核弹】超高颜值！大神【隔壁王某某】回归福利 / 【重磅核弹】超高颜值！大神【隔壁王某某】回归福利.mp4,1
[AmateurSubs] Yumemiru Otome - 03 [WEBRip 720p HEVC AAC].mkv / [AmateurSubs] Yumemiru Otome - 03 [WEBRip 720p HEVC AAC].mkv,1
madoubt.com 632889.xyz caribbeancom-091416_256 / madoubt.com 632889.xyz caribbeancom-091416_256.mp4,1
风骚新主播丿精品丨灬安琪儿0223一多自慰大秀 穿着水手制服 揉奶插穴很淫荡 / 风骚新主播丿精品丨灬安琪儿0223一多自慰大秀 穿着水手制服 揉奶插穴很淫荡.mp4,1
专约良家大神『jaacckk999』最新流出 ️白富美留学生 性感模特 语文教师 众多骚婊 羡慕大神的钞能力 夜夜做新郎 / 专约良家大神『jaacckk999』最新流出 ️白富美留学生 性感模特 语文教师 众多骚婊 羡慕大神的钞能力 夜夜做新郎.mp4,1
【反差表系列】00后清纯甜美少女私下如此骚情迷茫和男友做爱口交颜射毒龙 / 【反差表系列】00后清纯甜美少女私下如此骚情迷茫和男友做爱口交颜射毒龙.mp4,1
极品温柔妹妹『九儿』巨乳高价定制《记录第一次约炮》各种被蹂躏 棒棒糖插逼 商场开档丝袜露出 / 极品温柔妹妹『九儿』巨乳高价定制《记录第一次约炮》各种被蹂躏 棒棒糖插逼 商场开档丝袜露出.mp4,1
MSZ-28 / hhd800.com@MSZ-28.mp4,1
a诺l.2024.BD1080p.中英双字.mp4 / a诺l.2024.BD1080p.中英双字.mp4,0
Drishyam 2 (2021) [MALAYALAM UHD 2160p [4K] x265 HEVC DD5.1 (640KBPS) MSub 10GB] - MAZE / Drishyam 2 (2021) [MALAYALAM UHD 2160p [4K] x265 HEVC DD5.1 (640KBPS) MSub 10GB] - MAZE.mkv,0
"SexuallyBroken - March 23, 2016 - Lisa Tiffian - Maestro - Jack Hammer.540p.mp4 / SexuallyBroken - March 23, 2016 - Lisa Tiffian - Maestro - Jack Hammer.540p.mp4",1
madoubt.com 526525.xyz REBD-915 / madoubt.com 526525.xyz REBD-915.mp4,1
OnlyFans.2023.Blonde.Pussies.Stretched.I.Had.A.Shoot.Sapphyyxxx.Girthmasterr.XXX.1080p.MP4-XXX[XC] / onlyfans.2023.blonde.pussies.stretched.i.had.a.shoot.sapphyyxxx.girthmasterr.mp4,1
FamilyStrokes.25.06.13.Myra.Moans.XXX.720p.MP4-XXX[XC] / familystrokes.25.06.13.myra.moans.720p.mp4,1
Soul Eater / SOUL EATER - 34 RAW.mp4,1
Hitzefrei.21.08.13.Steven.Shame.Walk.Down.Memory.Lane.3.GERMAN.480p.MP4-XXX / hitzefrei.21.08.13.steven.shame.walk.down.memory.lane.3.de.mp4,1
Make the Last Wish 2008 720p HDTV x264 AAC-OiNG / Make the Last Wish 2008 720p HDTV x264 AAC-OiNG.mkv,0
Shadow.of.the.Vampire.2000.1080p.BluRay.H264.AAC-RARBG / Shadow.of.the.Vampire.2000.1080p.BluRay.H264.AAC-RARBG.mp4,0
Eva Notty.mp4 / Eva Notty.mp4,1
One.Hundred.Years.of.Solitude.S01E08.1080p.rus.LostFilm.TV.mkv / One.Hundred.Years.of.Solitude.S01E08.1080p.rus.LostFilm.TV.mkv,0
IPX-543-UC / IPX-543-UC.mp4,1
熟女倶楽部4265-老人性介護　第1話 / juk00019_01.1024x768.640x480.mp4,1
Emma Korti - 2on1 First DP For Emma Korti Hard Anal Sex ATM ATP Balls Deep Anal Gapes Facefucking Deepthroat Cum In Mouth EKS048 (31.08.2022)_720p.mp4 / Emma Korti - 2on1 First DP For Emma Korti Hard Anal Sex ATM ATP Balls Deep Anal Gapes Facefucking Deepthroat Cum In Mouth EKS048 (31.08.2022)_720p.mp4,1
Mi.lista.de.deseos.2025.Netflix.1080p.WEB-DL.H264.EAC3.SDR.ENG.ESP-CAST / Mi.lista.de.deseos.2025.Netflix.1080p.WEB-DL.H264.EAC3.SDR.ENG.ESP-CAST.mkv,0
mommysgirl.25.05.10.vanessa.sky.coco.lovelock.siri.dahl.and.scarlet.skies.mp4 / mommysgirl.25.05.10.vanessa.sky.coco.lovelock.siri.dahl.and.scarlet.skies.mp4,1
sdjs-280 / sdjs-280.mp4,1
VirtualRealPorn.18.10.15.Sicilia.Looking.For.A.Roommate.XXX.VR180.2700p.MP4-VACCiNE[rarbg] / vac-vrp181015slfar-2700.mp4,1
Love At The Shore (2017) [720p] [WEBRip] [YTS.MX] / Love.At.The.Shore.2017.720p.WEBRip.x264.AAC-[YTS.MX].mp4,0
The.Jungle.Book.1967.SE.MULTI.DVDRip.x264.mkv / The.Jungle.Book.1967.SE.MULTI.DVDRip.x264.mkv,0
DASD-719 / DASD-719.mp4,1
Oppai Heart 2 / Oppai Heart 2- 1080p 60fps.mp4,1
FBI.S02.COMPLETE.720p.AMZN.WEBRip.x264-GalaxyTV[TGx] / FBI.S02E18.720p.AMZN.WEBRip.x264-GalaxyTV.mkv,0
IntimatePOV.21.03.27.Apolonia.Lapiedra.Sexercises.With.Apolonia.XXX.1080p.MP4-WRB[XC] / intimatepov.21.03.27.apolonia.lapiedra.sexercises.with.apolonia.mp4,1
Pacopacomama_082710_177_[pornolab.net].mp4 / Pacopacomama_082710_177_[pornolab.net].mp4,1
Ransom.S03E06.HDTV.x264-SVA[eztv].mkv / Ransom.S03E06.HDTV.x264-SVA[eztv].mkv,0
DVAJ-398.mp4 / DVAJ-398.mp4,1
Shogun.S01E08.1080p.rus.LostFilm.TV.mkv / Shogun.S01E08.1080p.rus.LostFilm.TV.mkv,0
FilthyPOV.21.11.29.Penelope.Kay.XXX.480p.MP4-XXX / filthypov.21.11.29.penelope.kay.mp4,1
BlacksOnBlondes: Nikki Benz (Nikki Benz Interracial at Blacks On Blondes) XXX [264] / [DogFartNetwork] - BlacksOnBlondes - Nikki Benz.mp4,1
Mickey.17.720p.rus.LostFilm.TV.mp4 / Mickey.17.720p.rus.LostFilm.TV.mp4,0
The.old.guard.2020.1080p-dual-lat-cinecalidad.is.mp4 / The.old.guard.2020.1080p-dual-lat-cinecalidad.is.mp4,0
See.You.Soon.2019.1080p.WEBRip.x264-[YTS.LT] / See.You.Soon.2019.1080p.WEBRip.x264-[YTS.LT].mp4,0
GZY438-眼镜萝莉美眉MilaKoi身材娇小小娇乳深喉吃鸡上位骑乘在沙发被大洋吊大力狂插娇喘不停 / 眼镜萝莉美眉MilaKoi 身材娇小小娇乳 深喉吃鸡 上位骑乘在沙发被大洋吊大力狂插 娇喘不停.mp4,1
Station.19.S07E07.720p.HDTV.Subtitulado.Esp.SC.mp4 / Station.19.S07E07.720p.HDTV.Subtitulado.Esp.SC.mp4,0
Argylle.2024.CAM.MULTi-RGB.mkv / Argylle.2024.CAM.MULTi-RGB.mkv,0
Der.Amerikanische.Soldat.1970.1080p.BluRay.x264.AC3-AVS.mkv / Der.Amerikanische.Soldat.1970.1080p.BluRay.x264.AC3-AVS.mkv,0
Black Lagoon / [A_warrior_of_light]_Black_Lagoon_01_(BD_x264_1280x720_FLAC).mkv,0
Doom.Patrol.S01.COMPLETE.720p.DCU.WEBRip.x264-GalaxyTV[TGx] / Doom.Patrol.S01E01.720p.DCU.WEBRip.x264-GalaxyTV.mkv,0
ETW-009 / hhd800.com@ETW-009.mp4,1
   99 (2017) UHD BDRip 1080p.mkv /    99 (2017) UHD BDRip 1080p.mkv,1
硬核户外真实勾引骚女【性感小猫咪】，情趣内衣逛超市，被看见 / 硬核户外真实勾引骚女【性感小猫咪】，情趣内衣逛超市，被看见.mp4,1
FC2PPV-3146975 / FC2PPV-3146975.mp4,1
露脸高颜值推特绅士福利女神 布丁大法 珊瑚鸡尾酒 黑丝骚丁血脉喷张 大尺度嫩鲍摄人心魄 / 露脸高颜值推特绅士福利女神 布丁大法 珊瑚鸡尾酒 黑丝骚丁血脉喷张 大尺度嫩鲍摄人心魄.mp4,1
Private.24.07.02.Milancheek.Private.Debut.XXX.2160p.MP4-WRB[XC] / private.24.07.02.milancheek.private.debut.4k.mp4,1
Ralph Breaks the Internet (2018) BDRip 720p [UKR_ENG] [Hurtom].mkv / Ralph Breaks the Internet (2018) BDRip 720p [UKR_ENG] [Hurtom].mkv,0
neon-dreaming_480p_1500.mp4 / neon-dreaming_480p_1500.mp4,1
抖音快手全网同名，极品网红福利姬【奶咪】OF订阅收费2部，楼道内被色狼强行猥亵 居家日常 / 抖音快手全网同名，极品网红福利姬【奶咪】OF订阅收费2部，楼道内被色狼强行猥亵 居家日常.mp4,1
Belgravia.S01E01-E02.PL.720p.AMZN.WEB-DL.x264-666 / Belgravia.S01E02.PL.720p.AMZN.WEB-DL.x264-666.mkv,0
Lubed.19.11.15.Uma.Jolie.Slippery.Seduction.XXX.1080p.MP4-KTR[XvX] / lubed.19.11.15.uma.jolie.slippery.seduction.mp4,1
Bad Boys Ride or Die 2024 720p WEBRip x265-SSN / Bad Boys Ride or Die 2024 720p WEBRip x265-SSN/Bad Boys Ride or Die 2024 720p WEBRip x265-SSN.mkv,0
061320_01-10mu / 061320_01-10mu.mp4,1
Happy.Feet.2006.HDDVD.720p.x264.DUAL-CtrlHD / Happy.Feet.2006.HDDVD.720p.x264.DUAL-CtrlHD.mkv,0
New.Sarah.Harlow.Stepmom.Needs.Younger.Cock.2025.Hardcore.Milf.Bigtits.Stepmom.ILUVY.mp4 / New.Sarah.Harlow.Stepmom.Needs.Younger.Cock.2025.Hardcore.Milf.Bigtits.Stepmom.ILUVY.mp4,1
GrandParentsX.22.03.06.Bianca.M.And.Bambi.S.The.Young.The.Old.And.The.Muscular.XXX.480p.MP4-XXX / grandparentsx.22.03.06.bianca.m.and.bambi.s.the.young.the.old.and.the.muscular.mp4,1
MBMA-003 / hhd800.com@MBMA-003.mp4,1
Bjоrnstad.2020.S01E01.Swedish.1080p.AC3.x264-iYi.mkv / Bjоrnstad.2020.S01E01.Swedish.1080p.AC3.x264-iYi.mkv,0
In Tranzit (2008) [STV] [720p] [BluRay] [YTS.MX] / In.Tranzit.2008.STV.720p.BluRay.x264.AAC-[YTS.MX].mp4,0
BLK-355 / BLK-355.mp4,1
madoubt.com 833582.xyz heyzo-1492 / madoubt.com 833582.xyz heyzo-1492.mp4,1
JapanHDV.23.04.19.Aoi.Yuki.XXX.1080p.MP4-WRB[rarbg] / japanhdv.23.04.19.aoi.yuki.mp4,1
DeTechtive 2112 (2025) / DeTechtive 2112/Detective/Content/Movies/Source/Opening/Opening_Logo_Video_3.mp4,1
Videohive - Christmas Postcards Slideshow 55167913 / Assets/03. Others/3D prerendered.mp4,0
Station.19.S04E04.HDTV.x264-PHOENiX[TGx] / Station.19.S04E04.HDTV.x264-PHOENiX.mkv,0
Expend4bles.2023.BDRip.1080p.pk.mkv / Expend4bles.2023.BDRip.1080p.pk.mkv,0
Vampiri.srednei.polosi.by.mjjhec / Vampiri.srednei.polosi.E08.2020.WEB-DLRip.mp4,0
The.Dragon.Prince.S01.COMPLETE.720p.NF.WEBRip.x264-GalaxyTV[TGx] / The.Dragon.Prince.S01E05.720p.NF.WEBRip.x264-GalaxyTV.mkv,0
Childhoods.End.Part.1.1080p.HDTV.x264-BRISK / Childhoods.End.Part.1.1080p.HDTV.x264-BRISK.mkv,0
AINBO.Spirit.of.the.Amazon.2021.WEB-DL.1080p.seleZen.mkv / AINBO.Spirit.of.the.Amazon.2021.WEB-DL.1080p.seleZen.mkv,0
[ASW] Sono Bisque Doll wa Koi wo Suru - 17 [1080p HEVC][CF88576B].mkv / [ASW] Sono Bisque Doll wa Koi wo Suru - 17 [1080p HEVC][CF88576B].mkv,0
www.UIndex.org    -    Pissarro.Father.of.Impressionism.2022.1080p.WEB.h264-BAWD / Pissarro.Father.of.Impressionism.2022.1080p.WEB.h264-BAWD.mkv,0
"North by Northwest (1959) [Ukr,Eng] BDRip-AVC [Hurtom].mkv / North by Northwest (1959) [Ukr,Eng] BDRip-AVC [Hurtom].mkv",1
czech-wife-swap-8-part-3-1920x1080.mp4 / czech-wife-swap-8-part-3-1920x1080.mp4,1
Tropico 6 (2019) / Tropico 6/Tropico6/Content/Movies/Windows/Intro_Kalypso.mp4,0
TVBOXNOW ViuTV 六點新聞報道 / TVBOXNOW ViuTV 六點新聞報道 2025-09-01.mp4,0
[BlackedRaw] Syren De Mer - Overnight (102980) (01-11-2021) 480p.mp4 / [BlackedRaw] Syren De Mer - Overnight (102980) (01-11-2021) 480p.mp4,1
EKS338_Eva Tender (2024-05-03) 720p.mp4 / EKS338_Eva Tender (2024-05-03) 720p.mp4,1
GVH-648 / hhd800.com@GVH-648.mp4,1
the.fragrant.flower.blooms.with.dignity.s01e05.1080p.web.h264-sugoi[EZTVx.to].mkv / the.fragrant.flower.blooms.with.dignity.s01e05.1080p.web.h264-sugoi[EZTVx.to].mkv,0
madoubt.com 235352.xyz fc2ppv-1187751 / madoubt.com 235352.xyz fc2ppv-1187751.mp4,1
Swan.Song.2021.1080p.WEBRip.1400MB.DD5.1.x264-GalaxyRG[TGx] / Swan.Song.2021.1080p.WEBRip.1400MB.DD5.1.x264-GalaxyRG.mkv,0
Nagoonimation / FF/46. Tifa Mating Press [Default].mp4,1
Parents.Gone.Wild.S01E06.1080p.WEB.h264-EDITH[EZTVx.to].mkv / Parents.Gone.Wild.S01E06.1080p.WEB.h264-EDITH[EZTVx.to].mkv,0
Extraordinary.Escapes.with.Sandi.Toksvig.S02.WEBRip.x264-ION10 / Extraordinary.Escapes.with.Sandi.Toksvig.S02E05.WEBRip.x264-ION10.mp4,0
会所高价钱找的性感黑丝大胸气质美女 口技不错 后入各种姿势猛操 最后射大腿上 / 会所高价钱找的性感黑丝大胸气质美女 口技不错 后入各种姿势猛操 最后射大腿上.mp4,1
ZOMBIES.The.Re-Animated.Series.S01E02.1080p.HEVC.x265-MeGusta[EZTVx.to].mkv / ZOMBIES.The.Re-Animated.Series.S01E02.1080p.HEVC.x265-MeGusta[EZTVx.to].mkv,0
Recep.Ivedik.6.2019.480p.WEB-DL.h264.DD5.1-SDDS / Recep.Ivedik.6.2019.480p.WEB-DL.h264.DD5.1-SDDS.mkv,0
オリンピックストーリーズ　キプロス　史上初のメダル.mp4 / オリンピックストーリーズ　キプロス　史上初のメダル.mp4,1
No Daddy don't break my tight asshole.mp4 / No Daddy don't break my tight asshole.mp4,1
Star.Trek.Prodigy.S02E14.1080p.rus.LostFilm.TV.mkv / Star.Trek.Prodigy.S02E14.1080p.rus.LostFilm.TV.mkv,0
Logan [BDremux 1080p][AC3 5.1 Castellano-DTS 5.1 Ingles+Subs][ES-EN] / Logan BDR1080.www.newpct1.com.mkv,0
Scoreland.22.10.24.Lana.Ivans.A.Busty.Fantasy.XXX.480p.MP4-PORNOLAB / scoreland.22.10.24.lana.ivans.a.busty.fantasy.480p.mp4pornolab.mp4,1
ShapeOfBeauty / LoveLustRespect_s01_AngelaWhite_CourtneyTrouble_1080p.mp4,1
ysn-490 / ysn-490.mp4,1
强烈推荐 喜欢双洞齐插的眼镜美女再度来袭 这次还玩了啤酒瓶插穴 瓶里还有不少酒 愣是往小穴里灌酒 / 强烈推荐 喜欢双洞齐插的眼镜美女再度来袭 这次还玩了啤酒瓶插穴 瓶里还有不少酒 愣是往小穴里灌酒.mp4,1
Wei.Yu.Yan.Shuang.Fei.S01.1080p.WEB-DL / Wei.Yu.Yan.Shuang.Fei.S01E34.mkv,0
DVAJ361 / DVAJ-361.mp4,1
JRZE036C / JRZE036C.mp4,1
hegre.anna.l.and.gea.sensitive.sensual.massage.1080p.mp4 / hegre.anna.l.and.gea.sensitive.sensual.massage.1080p.mp4,1
In the Lost Lands 2025 Hybrid 1080p UHD BluRay DD+5.1 Atmos HDR10+ x265-HiDt.mkv / In the Lost Lands 2025 Hybrid 1080p UHD BluRay DD+5.1 Atmos HDR10+ x265-HiDt.mkv,0
1003abp644FHD / 1003abp644FHD.mp4,1
A Mãe e a Maldição 2025 WEB-DL 1080p x264 DUAL 5.1 / A Mãe e a Maldição 2025 WEB-DL 1080p x264 DUAL 5.1.mkv,0
Offspring.2009.REMASTERED.720p.PSYCHD.mkv / Offspring.2009.REMASTERED.720p.PSYCHD.mkv,0
[XTORRENTY.ORG] The.Children's.Train.2024.PL.1080p.NF.MULTi.WEB-DL.H264-DDP5.1-RX / The.Children's.Train.2024.PL.1080p.NF.MULTi.WEB-DL.H264-DDP5.1-RX.mkv,0
The.Grand.Tour.S02E03.WEB.h264-SKGTV[ettv] / the.grand.tour.s02e03.web.h264-skgtv[ettv].mkv,0
MARAA-016.mp4 / MARAA-016.mp4,1
[ OxTorrent.cc ] His.Dark.Materials.S02E04.FRENCH.WEB.H264-FRATERNiTY.mkv / [ OxTorrent.cc ] His.Dark.Materials.S02E04.FRENCH.WEB.H264-FRATERNiTY.mkv,1
Poltergeist (2015) Extended (1080p BluRay x265 HEVC 10bit AAC 7.1 Tigole) / Poltergeist (2015) Extended (1080p BluRay x265 10bit Tigole).mkv,0
[DBD-Raws][中间管理录利根川][01-24TV全集+特典映像][1080P][BDRip][HEVC-10bit][简繁外挂][FLAC][MKV] / 特典映像/[DBD-Raws][Chuukan Kanriroku Tonegawa][Tokuten][1080P][BDRip][HEVC-10bit][FLAC].mkv,0
Kolekcja Naga broń 1988-1991 [10Bit SDR] [2160p.BluRay.H265.AC3-AS76-FT] [Lektor PL] [Alusia] / The.Naked.Gun.33⅓.The.Final.Insult.1994 [10Bit SDR] [2160p.BluRay.H265.AC3-AS76-FT] [Lektor PL] [Alusia].mkv,0
[Sakurato.sub][Manaria Friends][01-10 END][CHT][1080P] / [Sakurato.sub][Manaria Friends][06][CHT][1080P].mp4,0
"엘리야스 Elyas ,2024.720p.KORSUB.WEBRip.H264.AAC / 엘리야스 Elyas ,2024.720p.KORSUB.WEBRip.H264.AAC.mp4",0
The Drug Addicts [1974]x264DVDrip(Shaw.Bros) / The Drug Addicts [1974]x264DVDrip(Shaw.Bros).mp4,0
Behind.Convent.Walls.1978.(Adult-Erotica).720p.x264-Classics / Behind.Convent.Walls.1978.(Adult-Erotica).720p.x264-Classics.mkv,0
Frantic (1988) BDRip-AVC.mkv / Frantic (1988) BDRip-AVC.mkv,0
NotMyGrandpa - Mckenna Lynn (10.08.2025) rq.mp4 / NotMyGrandpa - Mckenna Lynn (10.08.2025) rq.mp4,1
震撼【178小宝贝】一行人到KTV，绿帽男友 在旁辅助，厕所内让富豪狂操女友~富豪的世界 简单又朴实 / 震撼【178小宝贝】一行人到KTV，绿帽男友 在旁辅助，厕所内让富豪狂操女友~富豪的世界 简单又朴实.mp4,1
InterracialPass.18.04.06.Brianna.Rides.It.As.It.Keeps.Getting.Bigger.XXX.1080p.MP4-oRo[N1C] / oro-itp.18.04.06.brianna.rides.it.as.it.keeps.getting.bigger[N1C].mp4,1
乖乖的小宝贝露脸让小哥抠逼揉奶玩弄调教，口交大鸡巴吸蛋蛋无套爆草，激情上位后入干小屁股，浪叫呻吟不断 / 乖乖的小宝贝露脸让小哥抠逼揉奶玩弄调教，口交大鸡巴吸蛋蛋无套爆草，激情上位后入干小屁股，浪叫呻吟不断.mp4,1
佩戴价值30万劳力士土豪，玩弄真实空姐，做爱中途操尿，深喉，啪啪性爱视频泄露 / 佩戴价值30万劳力士土豪，玩弄真实空姐，做爱中途操尿，深喉，啪啪性爱视频泄露.mp4,1
The.Lunchbox.2013.1080p.BluRay.x264.DTS-WiKi / The.Lunchbox.2013.1080p.BluRay.x264.DTS-WiKi.mkv,0
New.Tori.Cummings.SEDUCE.THAT.STEPSON.Stepmom.Saw.Me.Again.And.This.Time.Ended.Up.Seducing.Me.2025.Hardcore.Milf.Bigtits.Stepmom.Onlyfans.ILUVY.mp4 / New.Tori.Cummings.SEDUCE.THAT.STEPSON.Stepmom.Saw.Me.Again.And.This.Time.Ended.Up.Seducing.Me.2025.Hardcore.Milf.Bigtits.Stepmom.Onlyfans.ILUVY.mp4,1
Junebug.2005.1080p.BDRip.AV1-DiN / Junebug.2005.1080p.BDRip.AV1-DiN.mkv,0
[MagicStar] Keiji to Kenji Shokatsu to Chiken no 24-ji EP01 [WEBDL] [1080p] [HQ].mkv / [MagicStar] Keiji to Kenji Shokatsu to Chiken no 24-ji EP01 [WEBDL] [1080p] [HQ].mkv,0
[EMBER] Tsuyokute New Saga - 09.mkv / [EMBER] Tsuyokute New Saga - 09.mkv,0
[Anime ITA sub ENG-ITA]十五少年漂流記 Due Anni di Vacanza - Fifteen Boys Adrift (1982) web 1280x720 by Armonicaintrovabile.mkv / [Anime ITA sub ENG-ITA]十五少年漂流記 Due Anni di Vacanza - Fifteen Boys Adrift (1982) web 1280x720 by Armonicaintrovabile.mkv,0
I can't stop cumming! Samantha Flair.mp4 / I can't stop cumming! Samantha Flair.mp4,1
Slow.Horses.S01E01-02.iTALiAN.MULTi.1080p.ATVP.WEB-DL.DDP5.1.Atmos.H.264-MeM.GP / Slow.Horses.S01E01.Il.fallimento.e.contagioso.iTALiAN.MULTi.1080p.ATVP.WEB-DL.DDP5.1.Atmos.H.264-MeM.GP.mkv,0
MUKD-235 ひかるとくみ[2012-10-13] / MUKD-235 ひかるとくみ.mp4,1
Mrs.Browns.Boys.D.Movie.2014.1080p.BluRay.x265-RARBG / Mrs.Browns.Boys.D.Movie.2014.1080p.BluRay.x265-RARBG.mp4,0
Shrek.2001.1080p.BluRay.x264-kacetov.mkv / Shrek.2001.1080p.BluRay.x264-kacetov.mkv,0
Silvia Saige.mp4 / Silvia Saige.mp4,1
60.Days.In.S06E02.iNTERNAL.480p.x264-mSD[eztv].mkv / 60.Days.In.S06E02.iNTERNAL.480p.x264-mSD[eztv].mkv,0
闽南大神【tiam】付费福利，约炮多位极品身材美女，眼镜妹反差婊，超清画质呈现 / 闽南大神【tiam】付费福利，约炮多位极品身材美女，眼镜妹反差婊，超清画质呈现.mp4,0
20250528_UECL_2024.25_FINAL_BET_vs_CHE_[rgfootball.net]_720p.50.mkv / 20250528_UECL_2024.25_FINAL_BET_vs_CHE_[rgfootball.net]_720p.50.mkv,0
Captain.America.Brave.New.World.2025.WEB-DLRip-AVC.ExKinoRay.mkv / Captain.America.Brave.New.World.2025.WEB-DLRip-AVC.ExKinoRay.mkv,0
Lost.Bullet.2020.1080p.NF.WEB-DL.DDP5.1.x264-CMRG[TGx] / Lost.Bullet.2020.1080p.NF.WEB-DL.DDP5.1.x264-CMRG.mkv,0
Dr.Giggles.1992.SHOUT.UNCUT.1080p.BluRay.x265-RARBG / Dr.Giggles.1992.SHOUT.UNCUT.1080p.BluRay.x265-RARBG.mp4,0
The.Masked.Singer.S13E04.1080p.HEVC.x265-MeGusta[EZTVx.to].mkv / The.Masked.Singer.S13E04.1080p.HEVC.x265-MeGusta[EZTVx.to].mkv,0
The Mandalorian (Season 1) WEB-DL 1080p / The.Mandalorian.S01E01.INTERNAL.1080p.WEB.H264-DEFLATE.RGzsRutracker.mkv,0
madoubt.com 956586.xyz fc2ppv-4520338 / madoubt.com 956586.xyz fc2ppv-4520338.mp4,1
Eva - The Anthology Cast Of Eva! (01.06.2021)_480p.mp4 / Eva - The Anthology Cast Of Eva! (01.06.2021)_480p.mp4,0
www.UIndex.org    -    Psycho.Cop.1989.OM.1080P.BLURAY.H264-UNDERTAKERS / undertakers-psychocop-om-h264.mkv,0
大哥真吊一人玩两妹子露脸，床上一躺就等两妹子来伺候，全程露脸口交大几把主动上位，轮干猛男抽插到底很刺激 / 大哥真吊一人玩两妹子露脸，床上一躺就等两妹子来伺候，全程露脸口交大几把主动上位，轮干猛男抽插到底很刺激.mp4,1
RoccosSexClinic-SecondTreatment-Episode2_s02_ValentinaNappi_MalenaNazionale_540p.mp4 / RoccosSexClinic-SecondTreatment-Episode2_s02_ValentinaNappi_MalenaNazionale_540p.mp4,1
MeanaWolf - Clips4Sale - All Holes For Daddy [1080P].mp4 / MeanaWolf - Clips4Sale - All Holes For Daddy [1080P].mp4,1
Н- [Anilos.com] 2016.07.20 Beth Bennett - 1v Blonde babe.mp4 / Н- [Anilos.com] 2016.07.20 Beth Bennett - 1v Blonde babe.mp4,1
SinfulXXX.24.07.26.Eveline.Dellai.And.Candee.Licious.XXX.1080p.HEVC.x265.PRT[XvX] / SinfulXXX.24.07.26.Eveline.Dellai.And.Candee.Licious.XXX.1080p.HEVC.x265.PRT.mkv,1
韩流极限诱惑系列 超美大奶子粉嫩乳晕跳蛋大黑牛蹂躏白虎粉穴 / 韩流极限诱惑系列 超美大奶子粉嫩乳晕跳蛋大黑牛蹂躏白虎粉穴.mp4,1
Gold.Rush.S15E21.1080p.HEVC.x265-MeGusta / Gold.Rush.S15E21.1080p.HEVC.x265-MeGusta.mkv,0
第一會所新片@SIS001@(S1)(SNIS-861)慰安バスツアーNTR_妻の社員旅行ビデオにウツ勃起_吉沢明歩 / (S1)(SNIS-861)慰安バスツアーNTR 妻の社員旅行ビデオにウツ勃起 吉沢明歩.mp4,1
If.Beale.Street.Could.Talk.2019.720p.WEB-DL-MkvCage.ws.mkv / If.Beale.Street.Could.Talk.2019.720p.WEB-DL-MkvCage.ws.mkv,0
9-1-1 S01-S04 (2018-) / 9-1-1 S03 (360p re-webrip)/9-1-1 S03E02 Sink or Swim.mp4,0
云南职业学院05年学妹祝×× 因欠钱拍不雅视频遭流出 / 云南职业学院05年学妹祝×× 因欠钱拍不雅视频遭流出.mp4,1
PenthouseGold.23.06.17.Haley.Spades.Reagan.Foxx.XXX.720p.MP4-Narcos[XC] / PenthouseGold.23.06.17.Haley.Spades.Reagan.Foxx.XXX.720p.mp4,1
endeavour.s06e03.hdtv.x264-mtb[eztv].mkv / endeavour.s06e03.hdtv.x264-mtb[eztv].mkv,0
"GFRevenge - Zoe Parker, Charli Maverick (Pussy For Breakfast) NEW 27 June 2018 / GFRevenge - Zoe Parker, Charli Maverick - Pussy For Breakfast.mp4",1
Tyler.Perrys.Sistas.S01E04.New.Stories.HDTV.x264-CRiMSON[eztv].mkv / Tyler.Perrys.Sistas.S01E04.New.Stories.HDTV.x264-CRiMSON[eztv].mkv,0
[orion origin] Chi. Chikyuu no Undou ni Tsuite [06] [1080p] [H265 AAC] [CHT＆JPN].mp4 / [orion origin] Chi. Chikyuu no Undou ni Tsuite [06] [1080p] [H265 AAC] [CHT＆JPN].mp4,0
Bastarden.2023.BDRip1080p_от New-Team.mkv / Bastarden.2023.BDRip1080p_от New-Team.mkv,0
South.of.Heaven.2021.BDRip.AVC.Rip.by.HardwareMining.R.G.Generalfilm.mkv / South.of.Heaven.2021.BDRip.AVC.Rip.by.HardwareMining.R.G.Generalfilm.mkv,0
EMTH-104 / hhd800.com@EMTH-104.mp4,1
Chernaya.Gadyuka.tuda.syuda.1999.H264.DVDRip.mkv / Chernaya.Gadyuka.tuda.syuda.1999.H264.DVDRip.mkv,0
The.Rehearsal.S02E01.1080p.WEB.h264-ETHEL[EZTVx.to].mkv / The.Rehearsal.S02E01.1080p.WEB.h264-ETHEL[EZTVx.to].mkv,0
www.UIndex.org    -    The.Future.of.Nature.S01E03.1080p.WEB.h264-BAE / The.Future.of.Nature.S01E03.1080p.WEB.h264-BAE.mkv,0
Star.Trek.Strange.New.Worlds.S01.1080p.BluRay.x265-RARBG / Star.Trek.Strange.New.Worlds.S01E10.1080p.BluRay.x265-RARBG.mp4,0
Den.of.Thieves.2.Pantera.2024.1080p.BluRay.DDP5.1.Atmos.H.265-WAR / Den.of.Thieves.2.Pantera.2024.1080p.BluRay.DDP5.1.Atmos.H.265-WAR.mkv,0
最新姐弟乱伦 上了一起长大的大奶丰臀反差婊堂姐，170高身材高挑附生活照，1个月内容6文件夹整理好 / 最新姐弟乱伦 上了一起长大的大奶丰臀反差婊堂姐，170高身材高挑附生活照，1个月内容6文件夹整理好.mp4,1
Boin / HD/Boin EP01 RAW Uncensored HD720.mkv,1
madoubt.com 858652.xyz 10musume-011624_01 / madoubt.com 858652.xyz 10musume-011624_01.mp4,1
Chicken.Run.2000.1080p.NF.WEB-DL.DDP5.1.x264-GNom.mkv / Chicken.Run.2000.1080p.NF.WEB-DL.DDP5.1.x264-GNom.mkv,0
madoubt.com 228995.xyz ROE-371 / madoubt.com 228995.xyz ROE-371.mp4,1
NCIS Los Angeles  - Temporada 12 [HDTV 720p][Cap.1204][AC3 5.1 Castellano][www.PCTmix.com] / NCIS Los Angeles  - Temporada 12 [HDTV 720p][Cap.1204][AC3 5.1 Castellano][www.PCTmix.com].mkv,0
Derinlerin gizemi. Turkish (Türkçe).mp4 / Derinlerin gizemi. Turkish (Türkçe).mp4,1
DVMM-127 / hhd800.com@DVMM-127.mp4,1
DARK 3ª Temporada (2020) Dublado WEB-DL 720p COMANDO4K.COM / Dark.S03E08.720p.MP4.DUB.COMANDO4K.COM.mp4,0
madoubt.com 338863.xyz SW-942 / madoubt.com 338863.xyz SW-942.mp4,1
muff_madness_big-1080.mp4 / muff_madness_big-1080.mp4,1
"91贵州小旋风1月最新-98年童颜巨乳美女不让操被按倒强行抽插,干完后赶紧穿衣服说：你干啥,我不跑.穿完就跑了! / 91贵州小旋风1月最新-98年童颜巨乳美女不让操被按倒强行抽插,干完后赶紧穿衣服说：你干啥,我不跑.穿完就跑了!.mp4",1
Swords.of.Arabia.s01.HD720p.WEBRip.Rus.RuDub.tv / Swords.of.Arabia.s01e01.HD720p.WEBRip.Rus.RuDub.tv.mkv,0
Limmensita.2022.1080p.HDRip.AV1-DiN / Limmensita.2022.1080p.HDRip.AV1-DiN.mkv,0
FC2-PPV-4556224 / FC2-PPV-4556224.H265.mp4,1
The Audition Vol. 9 [2020] / Audrey Grace.mp4,1
El Descubrimiento De Las Brujas - Temporada 1 [HDTV 720p][Cap.104][AC3 5.1 Castellano][www.descargas2020.com] / El Descubrimiento De Las Brujas - Temporada 1 [HDTV 720p][Cap.104][AC3 5.1 Castellano][www.descargas2020.com].mkv,0
高端泄密流出火爆全网泡良达人金先生约炮 ️气质白领女秘书金氏手法扣穴热身抱起啪啪 / 高端泄密流出火爆全网泡良达人金先生约炮 ️气质白领女秘书金氏手法扣穴热身抱起啪啪.mp4,1
www.Torrenting.com - Nightbeast 1982 1080p BluRay x264-OFT / Nightbeast 1982 1080p BluRay x264-OFT.mkv,0
Razvod.S01.2022.WEBRip.1080p / Razvod.S01.E01.2022.WEBRip.1080p.mkv,0
See.S02.720p.Kerob / See.S02E08.720p.Kerob.mp4,0
プロジェクトＸ４Ｋリストア版「魔の山大遭難　決死の救出劇」.mp4 / プロジェクトＸ４Ｋリストア版「魔の山大遭難　決死の救出劇」.mp4,1
248- [JonelleBrooks] Jonelle Brooks - Foot Filth (13.10.2016) 720p rq.mp4 / 248- [JonelleBrooks] Jonelle Brooks - Foot Filth (13.10.2016) 720p rq.mp4,1
waterworld-1995-the-ulysses-cut / Waterworld (1995) The Ulysses Cut.mp4,0
[Pokémon Fansub] Pokémon Horizons - 062 (VOSTFR-FR 1920x1080 H264 AAC).mp4 / [Pokémon Fansub] Pokémon Horizons - 062 (VOSTFR-FR 1920x1080 H264 AAC).mp4,0
2 / 052720-001-carib-1080p.mp4,0
"DaughterSwap - Kallie Taylor, Asteria Jade - No Trick, Just Treat For Our Stepdads (31.10.2024) rq.mp4 / DaughterSwap - Kallie Taylor, Asteria Jade - No Trick, Just Treat For Our Stepdads (31.10.2024) rq.mp4",1
[TeenCreeper]Allie Addison - Painter Gets Disciplined [12.27.19].mp4 / [TeenCreeper]Allie Addison - Painter Gets Disciplined [12.27.19].mp4,1
Obey Melanie 1080p - PornoLab.net / 2018.05.14 - Obey Melanie - Who's laughing now.mp4,1
Metallic Rouge - AniLibria.TV [WEBRip 1080p HEVC] / Metallic_Rouge_[01]_[AniLibria_TV]_[WEBRip_1080p_HEVC].mkv,0
第一會所新片@SIS001@(死夜悪)(SHKD-610)犯された美人ハスラー_恥辱へのブレイクショット2_鈴木麻奈美 / (死夜悪)(SHKD-610)犯された美人ハスラー 恥辱へのブレイクショット2 鈴木麻奈美.mkv,1
2010年 CCTV 春节联欢晚会 （1920X1080）超清 .mkv / 2010年 CCTV 春节联欢晚会 （1920X1080）超清 .mkv,0
第一會所新片@SIS001@(タカラ映像)(ARWA-043)バイブを捨てよ、野外でハメよう。バイブ中毒の旅館女将_武藤あやか / (タカラ映像)(ARWA-043)バイブを捨てよ、野外でハメよう。バイブ中毒の旅館女将 武藤あやか.mp4,1
顶级露脸小母狗【Lunana】推特5000元订阅福利，露出喝尿调教啪啪，各种花样，玩花了 / 顶级露脸小母狗【Lunana】推特5000元订阅福利，露出喝尿调教啪啪，各种花样，玩花了.mp4,0
326EVA-098 / 326EVA-098.mp4,0
SAKAMOTO.DAYS.S01E20.Mutual.Fans.1080p.NF.WEB-DL.DDP5.1.H.264-VARYG.mkv / SAKAMOTO.DAYS.S01E20.Mutual.Fans.1080p.NF.WEB-DL.DDP5.1.H.264-VARYG.mkv,0
Extracted.S01E04.Surviving.the.Storm.480p.x264-mSD[EZTVx.to].mkv / Extracted.S01E04.Surviving.the.Storm.480p.x264-mSD[EZTVx.to].mkv,0
【孩子你要相信光】VAM嗜血印：女祭司2，黑色吊带大腿袜大力骑乘 / VAM嗜血印：女祭司2，黑色吊带大腿袜大力骑乘.mp4,0
Are.You.Sure.S01E05.1080p.WEB.h264-EDITH[EZTVx.to].mkv / Are.You.Sure.S01E05.1080p.WEB.h264-EDITH[EZTVx.to].mkv,0
The.Strange.Door.1951.576p.BluRay.AAC.x264-HANDJOB.mkv / The.Strange.Door.1951.576p.BluRay.AAC.x264-HANDJOB.mkv,0
【年少不知少妇好 ️错把少女当成宝】魔都熟女猎人『Porn88』约会良家少妇私拍 车震口活 骑乘内射 高清1080P原版 / 【年少不知少妇好 ️错把少女当成宝】魔都熟女猎人『Porn88』约会良家少妇私拍 车震口活 骑乘内射 高清1080P原版.mp4,1
madoubt.com 895632.xyz IPX-766 / madoubt.com 895632.xyz IPX-766.mp4,1
SAKURA / Sakura Card Captor The Movie 1 - Viaje a Honk Kong.mkv,0
Karakai Jouzu no Takagi-san 2 - AniLibria.TV [WEBRip 1080p] / Karakai_Jouzu_no_Takagi-san_2_[08]_[AniLibria_TV]_[WEBRip_1080p].mkv,0
狮子王真人版.720p.1080p.国英粤三语.BD中英双字 / 狮子王真人版.1080p.国英粤三语.BD中英双字[66影视www.66Ys.Co].mp4,0
Zeder.1983.1080p.BluRay.x264.DTS-FGT / Zeder.1983.1080p.BluRay.x264.DTS-FGT.mkv,0
CosplayDeviants.11.11.30.Bear.Seedling.XXX.720p.MP4-KTR[rarbg] / cosplaydeviants.11.11.30.bear.seedling.mp4,1
madoubt.com 989552.xyz fc2ppv-4596056 / madoubt.com 989552.xyz fc2ppv-4596056.mp4,1
"FemdomEmpire.com - Eliza Ibarra - Double Pop Peg, May 1, 2020_1080p.mp4 / FemdomEmpire.com - Eliza Ibarra - Double Pop Peg, May 1, 2020_1080p.mp4",1
Anger.Management.S02E78.720p.HDTV.X264-DIMENSION[rarbg] / Anger.Management.S02E78.720p.HDTV.X264-DIMENSION.mkv,0
King Crimson - Meltdown Live in Mexico.BDRip720p.mkv / King Crimson - Meltdown Live in Mexico.BDRip720p.mkv,0
Mondovino.1of2.DVDrip.x264.AAC.MVGroup.Forum.mkv / Mondovino.1of2.DVDrip.x264.AAC.MVGroup.Forum.mkv,0
第一會所新片@SIS001@(HEYZO)(HEY-018)定時後放漫どすけべ倶楽部_綾瀬ティアラ / (HEYZO)(HEY-018)定時後放漫どすけべ倶楽部 綾瀬ティアラ.mp4,1
[SubsPlease] Spice and Wolf (2024) - 20 (720p) [8AA7C7E1].mkv / [SubsPlease] Spice and Wolf (2024) - 20 (720p) [8AA7C7E1].mkv,0
WetAndPissy.22.05.31.Miss.Olivia.Piss.Tasting.Teen.XXX.2160p.MP4-WRB[rarbg] / wetandpissy.22.05.31.miss.olivia.piss.tasting.teen.4k.mp4,0
Ladrones con clase Castellano-Ingles+Subs H264- AC3 5.1 BD-Rip hd 1080p / Ladrones con clase Castellano-Ingles+Subs H264- AC3 5.1 BD-Rip hd 1080p.mkv,0
Aletta.Ocean.The.Jealous.Boyfriend.alettaoceanlive.853x480.mp4 / Aletta.Ocean.The.Jealous.Boyfriend.alettaoceanlive.853x480.mp4,0
Pan prstenu_ Prsteny moci_S01E06_Udun.CZ.EN.1080p.H264.mkv / Pan prstenu_ Prsteny moci_S01E06_Udun.CZ.EN.1080p.H264.mkv,0
Mnet PRIME SHOW.E01.230329.1080p.H264-F1RST.mp4 / Mnet PRIME SHOW.E01.230329.1080p.H264-F1RST.mp4,0
"Monsters of DAP Alysa All Balls Deep with DAP, Big Gapes, Facial GIO1035 sd.mp4 / Monsters of DAP Alysa All Balls Deep with DAP, Big Gapes, Facial GIO1035 sd.mp4",0
Mastering Haskell Programming (Packt) / 03 - IO as a -Sin Bin-.mp4,0
madoubt.com 823558.xyz tokyohot-n1345 / madoubt.com 823558.xyz tokyohot-n1345.mp4,1
M.I.B.1997.Extended.Cut.BDRip.720p.mkv / M.I.B.1997.Extended.Cut.BDRip.720p.mkv,0
the.chicken.sisters.s01e01.1080p.web.h264-skyfire[EZTVx.to].mkv / the.chicken.sisters.s01e01.1080p.web.h264-skyfire[EZTVx.to].mkv,0
Snacks_And_Sex_SD.mp4 / Snacks_And_Sex_SD.mp4,0
【SEX8.CC】麻豆传媒 性感中介的私家卖房术-张娅庭 / 【SEX8.CC】麻豆传媒 性感中介的私家卖房术-张娅庭.mp4,1
T_KILL_ROOM_2023_WEB-DL_2160p_HDR10Plus-BLUEBIRD.mkv / T_KILL_ROOM_2023_WEB-DL_2160p_HDR10Plus-BLUEBIRD.mkv,0
Михаил Гринберг. Правильная позировка и работа с людьми на фотосессии (2015) / day1.mp4,0
CosplayBabes.14.07.23.Harmony.Reigns.Catwoman.V.Spiderman.XXX.1080p.MP4-KTR[rarbg] / cosplay.14.07.23.harmony.reigns.catwoman.v.spiderman.mp4,0
Porn18-Chrissy.Fox.Threesome.Fun.E08.4k.mp4 / Porn18-Chrissy.Fox.Threesome.Fun.E08.4k.mp4,1
mukc-034 / mukc-034.mp4,1
Blue Velvet (1986) 720p HDTV - Rip x264 [ HINDI ] ® I'm Loser ® / Blue Velvet (1986) 720p HDTV - Rip x264 [ HINDI ] ® I'm Loser ®.mkv,0
CAWD-741 私のアナルを舐めすなめくじ義父の歪んだ性癖教育 設楽ゆうひ 中文字幕 / WoXav.Com@CAWD-741 私のアナルを舐めすなめくじ義父の歪んだ性癖教育 設楽ゆうひ 中文字幕.mp4,1
Savior.1998.DvDRip.x264.AC3-WiNTeaM / Sav.1998.DvDRip.x264-WiNTeaM.mkv,0
Pitch Black 2000 720p WEB-DL H264 AC3-d11 LP / Pitch Black 2000 720p WEB-DL H264 AC3-d11 LP.mkv,0
The.Kings.Man.2021.WEB-DL.1080p.NNMClub.mkv / The.Kings.Man.2021.WEB-DL.1080p.NNMClub.mkv,0
Mission Impossible The Final Reckoning 2025 IMAX 1080p WEB-DL HEVC x265-RMTeam.mkv / Mission Impossible The Final Reckoning 2025 IMAX 1080p WEB-DL HEVC x265-RMTeam.mkv,0
秀人网爆乳性感女神【绯月樱】巨乳制服高跟鞋黑丝美足 高贵冷艳淫语挑逗人家今天没穿胸罩哦 / 秀人网爆乳性感女神【绯月樱】巨乳制服高跟鞋黑丝美足 高贵冷艳淫语挑逗人家今天没穿胸罩哦.mp4,1
HIMMGGV_1080_2022.mp4 / HIMMGGV_1080_2022.mp4,1
"[Yameii] Reborn as a Vending Machine, I Now Wander the Dungeon - S02E06 [English Dub] [CR WEB-DL 720p] [3417875F].mkv / [Yameii] Reborn as a Vending Machine, I Now Wander the Dungeon - S02E06 [English Dub] [CR WEB-DL 720p] [3417875F].mkv",0
Jericho.2016.S01E07.HDTV.x264-ORGANiC[ettv] / Jericho.2016.S01E07.HDTV.x264-ORGANiC[ettv].mp4,0
"Nina Ivanova, Mladen Malakov i Orkestur Biseri - Sred selo horo se vie.mp4 / Nina Ivanova, Mladen Malakov i Orkestur Biseri - Sred selo horo se vie.mp4",1
【最新重磅炸弹】风骚性感妹子被灌醉后死猪一样疯狂玩美脚 稀缺资源值得收藏 / 【最新重磅炸弹】风骚性感妹子被灌醉后死猪一样疯狂玩美脚 稀缺资源值得收藏.mp4,1
[One Pace][951-952] Wano 28 [1080p][22F81B0E].mkv / [One Pace][951-952] Wano 28 [1080p][22F81B0E].mkv,0
The League 2009 Season 5 Complete 720p WEB-DL x264 [i_c] / The League S05E02 The Von Nowzick Wedding.mkv,0
Dnevniki.Vampira.AVC.KPK.Generalfilm / Dnevniki.Vampira.S06.2014-2015.AVC.WEB-DLRip.KPK.LF.Generalfilm/Dnevniki.Vampira.s06e22.2015.AVC.WEB-DLRip.KPK.Generalfilm.mp4,0
乡村美少妇，【甜甜小少妇】，户外顶着大太阳，开车找找刺激，逼里塞跳蛋 / 乡村美少妇，【甜甜小少妇】，户外顶着大太阳，开车找找刺激，逼里塞跳蛋.mp4,1
Erase una vez - 6x17 (EliteTorrent.net).mkv / Erase una vez - 6x17 (EliteTorrent.net).mkv,1
meyd-639-C / meyd-639-C.mp4,1
41865151 - I Have Something To Show You.mp4 / 41865151 - I Have Something To Show You.mp4,0
EroticaX.25.05.14.Gal.Ritchie.XXX.1080p.HEVC.x265.PRT / EroticaX.25.05.14.Gal.Ritchie.XXX.1080p.HEVC.x265.PRT.mp4,0
The.Martian.2015.BDRip-AVC.Dub.2.91Gb.stalkerok.new-team..mkv / The.Martian.2015.BDRip-AVC.Dub.2.91Gb.stalkerok.new-team..mkv,0
"韩国美女自拍 女孩身材真好,搬开女孩的腿猛插 / 韩国美女自拍 女孩身材真好,搬开女孩的腿猛插.mp4",1
牛大力@第一会所@259LUXU-1731 / 259LUXU-1731.mp4,1
MylfLabs.21.04.11.Lila.Lovely.And.Bunny.De.La.Cruz.Dangerous.Curves.480p.MP4-XXX / mylflabs.21.04.11.lila.lovely.and.bunny.de.la.cruz.dangerous.curves.mp4,0
BlackBerry.(2023).WEB-DL.1080p.Ukr.Eng.Theseus.mkv / BlackBerry.(2023).WEB-DL.1080p.Ukr.Eng.Theseus.mkv,0
Conflict Of Interest (2017) [720p] [WEBRip] [YTS.MX] / Conflict.Of.Interest.2017.720p.WEBRip.x264.AAC-[YTS.MX].mp4,0
Eyes Without A Face (1960) [1080p] [BluRay] [YTS.MX] / Eyes.Without.A.Face.1960.1080p.BluRay.x264.AAC-[YTS.MX].mp4,0
jpbt9.com 风吟鸟唱极品嫩模『苏欣冉』与摄影师玩操XO互动 沙发后入式 魅惑私拍490P 高清1080P完整版 / jpbt9.com 风吟鸟唱极品嫩模『苏欣冉』与摄影师玩操XO互动 沙发后入式 魅惑私拍490P 高清1080P完整版.mp4,1
熟女阿姨吃鸡啪啪 视频自己看吗 对呀 好多水 好痒 用力操 漂亮阿姨丰腴的身材 大奶子哗哗 / 熟女阿姨吃鸡啪啪 视频自己看吗 对呀 好多水 好痒 用力操 漂亮阿姨丰腴的身材 大奶子哗哗.mp4,1
ihwdanicadanny_mobile.mp4 / ihwdanicadanny_mobile.mp4,0
长相甜美女主播情趣装床上道具自慰秀毛毛挺多 / 长相甜美女主播情趣装床上道具自慰秀毛毛挺多.mp4,1
熟女阿姨 皮肤白皙 在家被大肉棒无套输出 鲍鱼超肥 / 熟女阿姨 皮肤白皙 在家被大肉棒无套输出 鲍鱼超肥.mp4,1
CNY-014 / CNY-014.mp4,1
madoubt.com 958622.xyz caribbeancom-091215_970 / madoubt.com 958622.xyz caribbeancom-091215_970.mp4,1
HellstormTheGenocideOfGermanyByTheCommonEnemyHD_201906 / Hellstorm - The Genocide of Germany by the Common Enemy-HD.mp4,0
Breeders.1986.1080p.BluRay.H264.AAC-RARBG / Breeders.1986.1080p.BluRay.H264.AAC-RARBG.mp4,0
ipzz-157ch / ipzz-157ch.mp4,1
Microphone Check (2024) [1080p] [BluRay] [YTS.MX] / Microphone.Check.2024.1080p.BluRay.x264.AAC-[YTS.MX].mp4,0
Crystal.Inferno.2017.WEBRip.x264.AAC-WAR.BGaudio.mkv / Crystal.Inferno.2017.WEBRip.x264.AAC-WAR.BGaudio.mkv,0
[SubsPlease] Adachi to Shimamura - 01 (1080p) [487FAEBF].mkv / [SubsPlease] Adachi to Shimamura - 01 (1080p) [487FAEBF].mkv,0
YoungLibertines - Zanna [720p].mp4 / YoungLibertines - Zanna [720p].mp4,0
RoccoSiffredi.19.08.22.Lilu.Moon.And.Sasha.Sparrow.XXX.1080p.MP4-KTR[XvX] / roccosiffredi.19.08.22.lilu.moon.and.sasha.sparrow.mp4,0
ＮＨＫスペシャル▽定点映像 10年の記録～100か所のカメラが映した“復興”～.mp4 / ＮＨＫスペシャル▽定点映像 10年の記録～100か所のカメラが映した“復興”～.mp4,1
World Of BangBros Big Tits 6 / Cristal Caraballo.mp4,1
Ch4.My.Daughter.the.Teenage.Nudist.PDTV.x264.AAC.MVGroup.org.mp4 / Ch4.My.Daughter.the.Teenage.Nudist.PDTV.x264.AAC.MVGroup.org.mp4,1
Forensic Files - Season 9 / Forensic Files - S09E15 - Pinned By The Evidence.mp4,0
Illuzija.Obmana.2013.Dt.BDRip.720p.EXTENDED.mkv / Illuzija.Obmana.2013.Dt.BDRip.720p.EXTENDED.mkv,0
Inside.Amy.Schumer.S05E03.720p.HEVC.x265-MeGusta[eztv.re].mkv / Inside.Amy.Schumer.S05E03.720p.HEVC.x265-MeGusta[eztv.re].mkv,0
Bitter.Lake.2015.1080p.WEB-DL.h265.Rus(D.Chikita).Subs.mkv / Bitter.Lake.2015.1080p.WEB-DL.h265.Rus(D.Chikita).Subs.mkv,0
The.Fall.Guy.2024.1080p.WEBRip.AV1-DiN / The.Fall.Guy.2024.1080p.WEBRip.AV1-DiN.mkv,0
madoubt.com 868639.xyz 10musume-072625_01 / madoubt.com 868639.xyz 10musume-072625_01.mp4,1
泰国极品小只马人妻「BeNight69」OF大尺度私拍，献妻换妻、多人群P、肛交、三通 / 泰国极品小只马人妻「BeNight69」OF大尺度私拍，献妻换妻、多人群P、肛交、三通.mp4,1
Deadliest Catch S21E04 Mutiny on the Confidence 720p AMZN WEB-DL DDP2 0 H 264-NTb[EZTVx.to].mkv / Deadliest Catch S21E04 Mutiny on the Confidence 720p AMZN WEB-DL DDP2 0 H 264-NTb[EZTVx.to].mkv,0
Boku no Kokoro no Yabai Yatsu 720p 10bit / Extras/[Shiniori-Raws] Boku no Kokoro no Yabai Yatsu Special Stage Before Broadcasting (BD 1280x720 x264 10bit AAC).mp4,0
Adventures.Of.Rufus.The.Fantastic.Pet.2020.1080p.WEBRip.1400MB.DD5.1.x264-GalaxyRG[TGx] / Adventures.Of.Rufus.The.Fantastic.Pet.2020.1080p.WEBRip.1400MB.DD5.1.x264-GalaxyRG.mkv,0
TVBOXNOW ViuTV 名偵探柯南_萬聖節的新娘 / TVBOXNOW ViuTV 名偵探柯南_萬聖節的新娘.mp4,0
Ella Hughes - Stress Relief_720p_2600.mp4 / Ella Hughes - Stress Relief_720p_2600.mp4,0
Law.and.Order.Special.Victims.Unit.S25E05.Zone.Rouge.1080p.AMZN.WEB-DL.DDP5.1.H.264-NTb / Law.and.Order.Special.Victims.Unit.S25E05.Zone.Rouge.1080p.AMZN.WEB-DL.DDP5.1.H.264-NTb.mkv,0
Acapulco.2021.S03E03.1080p.WEB.h264-ETHEL[TGx] / Acapulco.2021.S03E03.1080p.WEB.h264-ETHEL.mkv,0
BrazzersExxtra.24.06.16.Roxie.Sinner.Gamers.Tits.On.Glass.XXX.1080p.HEVC.x265.PRT / BrazzersExxtra.24.06.16.Roxie.Sinner.Gamers.Tits.On.Glass.XXX.1080p.HEVC.x265.PRT.mp4,0
Maggie_DAP_ed_for_the_very_first_time_SZ705_1.mp4 / Maggie_DAP_ed_for_the_very_first_time_SZ705_1.mp4,0
Cutthroat.Island.1995.1080p.BluRay.x265-RARBG / Cutthroat.Island.1995.1080p.BluRay.x265-RARBG.mp4,0
极品泄密-广东潘晴晴从一开始的天真纯情害羞到后来楼梯自慰裸舞 / 极品泄密-广东潘晴晴从一开始的天真纯情害羞到后来楼梯自慰裸舞.mp4,1
madoubt.com 886562.xyz pacopacomama-102624_100 / madoubt.com 886562.xyz pacopacomama-102624_100.mp4,1
Angeles sin paraiso (Mex) 1992 / Esp/Ángeles sin paraíso (1).mp4,1
挂羊头卖狗肉 【推油金手指】 今天来了个三十来岁的白皙大奶子少妇 拿出专业设备伺候 鸡巴插入暴插骚穴 / 挂羊头卖狗肉 【推油金手指】 今天来了个三十来岁的白皙大奶子少妇 拿出专业设备伺候 鸡巴插入暴插骚穴.mp4,1
Money For Nothing S17E15 720p WEB H264-JFF[EZTVx.to].mkv / Money For Nothing S17E15 720p WEB H264-JFF[EZTVx.to].mkv,1
Rim4k - Rihanna Black - HR Wants More (30.05.2025) rq.mp4 / Rim4k - Rihanna Black - HR Wants More (30.05.2025) rq.mp4,1
Fate.The.Winx.Saga.S01.720p.NF.WEBRip.DDP5.1.Atmos.x264-GGWP[rartv] / Fate.The.Winx.Saga.S01E01.720p.WEB.H264-GGWP.mkv,0
102624_100-PACO / 102624_100-PACO.mp4,1
COMANDO.TO - The 100 S07E06 [1080p] DUAL / The.100.S07E06.1080p.WEB-DL.DUAL.COMANDO.TO.mkv,0
hhd800.com_原版首发_ATID-404.mp4 / hhd800.com_原版首发_ATID-404.mp4,1
28_Weeks_Later.2007.x264.BDRip_1080p.mkv / 28_Weeks_Later.2007.x264.BDRip_1080p.mkv,0
39147921 -           -.mp4 / 39147921 -           -.mp4,1
MomsBangTeens.23.04.02.Ebony.Mystique.And.Mena.Carlisle.XXX.480p.MP4-XXX / momsbangteens.23.04.02.ebony.mystique.and.mena.carlisle.mp4,1
plib_samantha_bentley_ap121915_480p_1000.mp4 / plib_samantha_bentley_ap121915_480p_1000.mp4,1
The.Tree.of.Life.2011.PROPER.1080p.BluRay.x264-SADPANDA / The.Tree.of.Life.2011.PROPER.1080p.BluRay.x264-SADPANDA.mkv,0
madoubt.com 835865.xyz fc2ppv-4739180 / madoubt.com 835865.xyz fc2ppv-4739180.mp4,1
VEO-073 / hhd800.com@VEO-073.mp4,1
madoubt.com 283929.xyz heyzo-3646 / madoubt.com 283929.xyz heyzo-3646.mp4,1
[AngelsLove] Kama Oxi And Sirena Milano - A Life Of Adventure [4K] / [AngelsLove] Kama Oxi And Sirena Milano - A Life Of Adventure [4K].mp4,1
"Lawman  (Western 1971)  Burt Lancaster  720p  BRRip / Lawman  (Western 1971)  Burt Lancaster, Robert Ryan & Lee J. Cobb  (BR).mp4",1
91YCM012 约啪教授换毕业 巧菲 娇艳肉体兽性大发 狂肏美穴鲜嫩白虎少女 淫靡精液滋润尤物 / 91YCM012 约啪教授换毕业 巧菲 娇艳肉体兽性大发 狂肏美穴鲜嫩白虎少女 淫靡精液滋润尤物.mp4,1
making.history.2017.s01e08.multi.720p.web.h264-cielos[eztv].mkv / making.history.2017.s01e08.multi.720p.web.h264-cielos[eztv].mkv,0
Attack.on.Titan.2013.S01.1080p.Hindi.Dual.WEB.HDRip.DDP.2.0.x264.ESubs.Full4Movies / Attack.on.titan.s01e01.1080p.amzn.web-dl.ddp2.0.h.264-Full4Movies.mkv,0
Filth.City.2017.720p.BluRay.H264.AAC-RARBG / Filth.City.2017.720p.BluRay.H264.AAC-RARBG.mp4,0
madoubt.com 526285.xyz BDST-049 / madoubt.com 526285.xyz BDST-049.mp4,1
情侣学校草丛后入做爱 / 情侣学校草丛后入做爱.mp4,1
soan-089 / soan-089.mp4,1
国模咚咚SM主题大尺度私拍原版套图61P+视频1V摄影师疯狂捅穴榨出好多沙拉酱花心外翻1080P超清 / 国模咚咚SM主题大尺度私拍原版套图61P+视频1V摄影师疯狂捅穴榨出好多沙拉酱花心外翻1080P超清.mp4,1
230ORECO-135 / 230ORECO-135.mp4,1
Executive Pantyhose.mp4 / Executive Pantyhose.mp4,1
"HPM003_Rebel Rhyder, Moona Snake (06-08-2022) 1080p.mp4 / HPM003_Rebel Rhyder, Moona Snake (06-08-2022) 1080p.mp4",1
Wanted.Man.2024.BDRip.x264.seleZen.mkv / Wanted.Man.2024.BDRip.x264.seleZen.mkv,0
Incredible Shaolin Thunderkick [1982]x264DVDrip(KungFuClassics) / Incredible Shaolin Thunderkick [1982]x264DVDrip(KungFuClassics).mp4,0
Nosferatu (2024) WEB-DL 2160p SDR 3xUkr Eng [Hurtom].mkv / Nosferatu (2024) WEB-DL 2160p SDR 3xUkr Eng [Hurtom].mkv,0
King.of.California.2007.1080p.BluRay.x265-RARBG / King.of.California.2007.1080p.BluRay.x265-RARBG.mp4,0
黑客破解家庭网络摄像头偷拍 夫妻趁小孩睡着一个月就搞这么一次 / 黑客破解家庭网络摄像头偷拍 夫妻趁小孩睡着一个月就搞这么一次.mp4,1
超极品颜值，【Puppy袭月】，付费福利，商场餐厅露出，后面人来人往，那紧张的小眼神爱了爱了 / 超极品颜值，【Puppy袭月】，付费福利，商场餐厅露出，后面人来人往，那紧张的小眼神爱了爱了.mp4,1
推特颜值福利姬【占星猫(cuteli)】第五弹END，常服，女仆，自拍系列，道具自慰，高潮超吹喷水 / 推特颜值福利姬【占星猫(cuteli)】第五弹END，常服，女仆，自拍系列，道具自慰，高潮超吹喷水.mp4,1
They Love Black (2020) / Bella D.mp4,1
STARS-115.mp4 / STARS-115.mp4,1
[Ohys-Raws] Tokyo Encounter 2 - 30(54) (AT-X 1280x720 x264 AAC) v2.mp4 / [Ohys-Raws] Tokyo Encounter 2 - 30(54) (AT-X 1280x720 x264 AAC) v2.mp4,0
Cheers.S05E21.720p.WEB.H264-HOTLiPS[eztv].mkv / Cheers.S05E21.720p.WEB.H264-HOTLiPS[eztv].mkv,0
FC2-PPV-1230488 / FC2-PPV-1230488.mp4,1
Natures.Matchmaker.1080p.HDTV.x264.AAC.MVGroup.org.mp4 / Natures.Matchmaker.1080p.HDTV.x264.AAC.MVGroup.org.mp4,0
绿帽调教大师『渡先生』九月VIP最新性爱私拍 多人运动+勾引司机+露出调教 高清720P原版 / 绿帽调教大师『渡先生』九月VIP最新性爱私拍 多人运动+勾引司机+露出调教 高清720P原版.mp4,1
The.Courier.2020.BRRip.x264.AC3.BGAUDiO-SiSO / The.Courier.2020.BRRip.x264.AC3.BGAUDiO-SiSO.mkv,0
madoubt.com 266825.xyz 1pondo-070623_001 / madoubt.com 266825.xyz 1pondo-070623_001.mp4,1
Milfed.22.08.05.Lexi.Luna.Big.Butt.MILFs.XXX.1080p.MP4-WRB[rarbg] / milfed.22.08.05.lexi.luna.big.butt.milfs.mp4,1
LZWM-010-23572392598.mp4 / LZWM-010-23572392598.mp4,1
In the Tall Grass (2019)[Ukr.Eng Sub.Ukr] WEBRip-AVC DoReMi.mkv / In the Tall Grass (2019)[Ukr.Eng Sub.Ukr] WEBRip-AVC DoReMi.mkv,0
Carry.on.Jatta.3.2023.Punjabi.1080p.AMZN.WEB-DL.DD+5.1.H.264-TheBiscuitMan.mkv / Carry.on.Jatta.3.2023.Punjabi.1080p.AMZN.WEB-DL.DD+5.1.H.264-TheBiscuitMan.mkv,0
伟哥足浴伟哥洗浴撩妹勾搭重金带走离异人妻回酒店啪 / 伟哥足浴伟哥洗浴撩妹勾搭重金带走离异人妻回酒店啪.mp4,1
2022-Old and young lesbians Arwen and Eva Elle make each other squirt / Old and young lesbians Arwen and Eva Elle make each other squirt(2022).mp4,1
010125-001-carib / 010125-001-carib.mp4,1
Dharma.1973.WEBHD.VP9.4K.kerelis.mkv / Dharma.1973.WEBHD.VP9.4K.kerelis.mkv,0
Bella Luna - Bella Luna Catches Her Stepbro Jacking It (14.07.2023)_480p.mp4 / Bella Luna - Bella Luna Catches Her Stepbro Jacking It (14.07.2023)_480p.mp4,1
STARS-611 / jav20s8.com@STARS-611.mp4,1
madoubt.com 526393.xyz fc2ppv-2952812 / madoubt.com 526393.xyz fc2ppv-2952812.mp4,1
[SexArt] Lana Seymour - Studio 75 (11.03.2018) rq.mp4 / [SexArt] Lana Seymour - Studio 75 (11.03.2018) rq.mp4,1
AVOP-204 / (HD)avop-204B.HD.mp4,1
亚裔高颜小只马白人的性玩具「Asian_sexdoll」OF露脸大尺度私拍 火辣身材白虎少女极品炮架子 / 亚裔高颜小只马白人的性玩具「Asian_sexdoll」OF露脸大尺度私拍 火辣身材白虎少女极品炮架子.mp4,1
TVBOXNOW 樓盤傳真 / TVBOXNOW 樓盤傳真 2022-12-18.mp4,0
HMN-489.mp4 / HMN-489.mp4,1
Kolaiyuthir.Kaalam.2020.P.WEB-DL.72Op.mkv / Kolaiyuthir.Kaalam.2020.P.WEB-DL.72Op.mkv,0
Playing.Nice.S01E02.1080p.WEB.h264-CODSWALLOP[EZTVx.to].mkv / Playing.Nice.S01E02.1080p.WEB.h264-CODSWALLOP[EZTVx.to].mkv,0
Bitchin.Rides.S11E02.480p.x264-mSD[EZTVx.to].mkv / Bitchin.Rides.S11E02.480p.x264-mSD[EZTVx.to].mkv,0
SNIS-531-uncensored-HD / SNIS-531-uncensored-nyap2p.com.mp4,1
The.Brokenwood.Mysteries.S07E01.WEB.x264-PHOENiX[TGx] / The.Brokenwood.Mysteries.S07E01.WEB.x264-PHOENiX.mkv,0
Conan The Barbarian 1982 + Destroyer 1984 720p BluRay HEVC H265 BONE / Conan The Barbarian 1982 Extended 720p BluRay HEVC H265 BONE.mp4,0
After.the.Wedding.2019.Rus.Ukr.HDRip.mp4 / After.the.Wedding.2019.Rus.Ukr.HDRip.mp4,0
259LUXU-1842-uncensored-HD / 259LUXU-1842-uncensored-nyap2p.com.mp4,1
Who.Framed.Roger.Rabbit.1988.1080p.BluRay.x264.anoXmous / Who.Framed.Roger.Rabbit.1988.1080p.BluRay.x264.anoXmous_.mp4,0
NubileFilms.21.05.22.Ariela.Donovan.Love.Me.Right.XXX.720p.HEVC.x265.PRT / NubileFilms.21.05.22.Ariela.Donovan.Love.Me.Right.XXX.720p.HEVC.x265.PRT.mp4,1
[FakeHostel.com] - 2021.01.31 - Stacy Cruz & Romy Indy - The Nighty Night Manager (720p).mp4 / [FakeHostel.com] - 2021.01.31 - Stacy Cruz & Romy Indy - The Nighty Night Manager (720p).mp4,0
Outlander.Blood.of.My.Blood.S01E04.1080p.WEB-DL.DDP5.1.x264-iYi / Outlander.Blood.of.My.Blood.S01E04.1080p.WEB-DL.DDP5.1.x264-iYi.mkv,0
Private.22.05.21.Angelika.Grays.Wedding.Planner.Addicted.To.Anal.XXX.SD.MP4-KLEENEX / Private.22.05.21.Angelika.Grays.Wedding.Planner.Addicted.To.Anal.XXX.SD.MP4-KLEENEX.mp4,1
The.Foreigner.2017.720p.BluRay.x264-DRONES / The.Foreigner.2017.720p.BluRay.x264-DRONES.mkv,0
[ThZu.Cc]天美传媒TMW128AV红白对抗赛粘稠润滑地狱 / [ThZu.Cc]天美传媒TMW128AV红白对抗赛粘稠润滑地狱.mp4,1
one2048.com-0202-pred214-FHD / 2048论坛@fun2048.com - pred214-FHD.mp4,1
Creep.2.2017.1080p.WEB-DL.zzZGVvv.mkv / Creep.2.2017.1080p.WEB-DL.zzZGVvv.mkv,0
bbs2048.org@ppvr00015.part1 / bbs2048.org@ppvr00015.part4.mp4,1
VRSpy_Brandy Salazar_Unspoken Heat_1920p_4K_LR_180.mp4 / VRSpy_Brandy Salazar_Unspoken Heat_1920p_4K_LR_180.mp4,1
Dodgeball.2004.BDRip.1080p.x264.mkv / Dodgeball.2004.BDRip.1080p.x264.mkv,0
EvilAngel.22.02.23.Zaawaadi.And.Lottie.Magne.XXX.2160p.MP4-GAYME[rarbg] / evilangel.22.02.23.zaawaadi.and.lottie.magne.4k.mp4,0
Woman.Is.the.Future.of.Man.2004.1080p.NF.WEB-DL.DDP2.0.x264-GNom.mkv / Woman.Is.the.Future.of.Man.2004.1080p.NF.WEB-DL.DDP2.0.x264-GNom.mkv,0
jrze-186 / jrze-186.mp4,1
Ava Sinclaire - My Stepdaughter Tossed My Salad #19 (08.04.2022)_1080p.mp4 / Ava Sinclaire - My Stepdaughter Tossed My Salad #19 (08.04.2022)_1080p.mp4,1
madoubt.com 326992.xyz pacopacomama-111222_737 / madoubt.com 326992.xyz pacopacomama-111222_737.mp4,1
19【sex8.cc孩子你要相信光】诱人裂缝血脉喷张桃暖酱美妙赤裸身材爆乳粉嫩乳粒 / 诱人裂缝血脉喷张桃暖酱美妙赤裸身材爆乳粉嫩乳粒.mp4,1
The.Sinner.S02E03.HDTV.x264-KILLERS[eztv].mkv / The.Sinner.S02E03.HDTV.x264-KILLERS[eztv].mkv,0
Cheating.Wives.Vol.2.[New.Sensations.2024].XXX.WEB-DL.720p.SPLIT.SCENES.[XC] / Scene01.mp4,1
Justice.League.x.RWBY.Super.Heroes.and.Huntsmen.Part.Two.2023.1080p.WEBRip.x264.Dual / Justice.League.x.RWBY.Super.Heroes.and.Huntsmen.Part.Two.2023.1080p.WEBRip.x264.Dual.mkv,0
Patriot.S02.2021.WEB-DL.720p / 06.Patriot.S02.2021.WEB-DL.720p.mkv,0
madoubt.com 228995.xyz pacopacomama-030224_990 / madoubt.com 228995.xyz pacopacomama-030224_990.mp4,1
Se.lo.que.hicieron.el.verano.pasado.2025.1080p-Dual-Lat / Se.Lo.Que.Hicieron.El.Verano.Pasado.2025.1080P-Dual-Lat.mkv,0
madoubt.com 956586.xyz fc2ppv-4633416 / madoubt.com 956586.xyz fc2ppv-4633416.mp4,1
[Ohys-Raws] Animelo Summer Live 2015 - 03(Day3) (BD 1280x720 x264 AAC) / Animelo Summer Live 2015 - 03 (BD 1280x720 x264 AAC).mp4,0
www.xBay.me - ClubSeventeen 19 04 18 Alice Klay Hardcore XXX 2160p MP4-KTR / clubseventeen.19.04.18.alice.klay.hardcore.4k.mp4,1
The.Rookie.S07E10.1080p.rus.LostFilm.TV.mkv / The.Rookie.S07E10.1080p.rus.LostFilm.TV.mkv,0
[250725] [魔人 petit] のっと・せくさろいど・エウリィ！ 第2話 / (18禁アニメ) [250725] [魔人 petit] のっと・せくさろいど・エウリィ！ 第2話.mkv,0
无敌甜美纯情萝莉【像吴宣仪一样的甜妹】吃鸡自慰扣逼，一下海就来如此大尺度！才19岁的美眉 / 无敌甜美纯情萝莉【像吴宣仪一样的甜妹】吃鸡自慰扣逼，一下海就来如此大尺度！才19岁的美眉.mp4,1
明星颜值，极品巨乳肥臀女神【jeenzen】，被金主包养，日常各种性爱，全程无尿点 / 明星颜值，极品巨乳肥臀女神【jeenzen】，被金主包养，日常各种性爱，全程无尿点.mp4,1
Rubikon  Rubikon (2022) WEB-DLRip 720p  iTunes.mkv / Rubikon  Rubikon (2022) WEB-DLRip 720p  iTunes.mkv,0
225544.xyz OAE-207 / 225544.xyz OAE-207.mp4,1
dxxdom.com@748SPAY-320 / 748SPAY-320.mp4,1
摄像师设套引诱美女模特掰b / 摄像师设套引诱美女模特掰b.mp4,1
Vivian.Lola.Black.Brothers.Destroying.Vivian.Lola.s.Pink.Pussy.bigass.bigtits.black.blonde.blowjob.doublepenetration.dvp.hardcore.interracial.latina.threesome.mp4 / Vivian.Lola.Black.Brothers.Destroying.Vivian.Lola.s.Pink.Pussy.bigass.bigtits.black.blonde.blowjob.doublepenetration.dvp.hardcore.interracial.latina.threesome.mp4,1
【心念m】无论颜值和身材都堪称完美真正的绝世美乳抖得飞起美到爆超级诱惑秒硬男人心目中的完美尤物 / 【心念m】无论颜值和身材都堪称完美真正的绝世美乳抖得飞起美到爆超级诱惑秒硬男人心目中的完美尤物.mp4,1
Wonder.Woman.1984.2020.720p.WEB.H264-NAISU[rarbg] / wonder.woman.1984.2020.720p.web.h264-naisu.mkv,0
NEW.LifeSelector.Alexa.Flexy.Lily.Blossom.Yes.Dean.cute.anal.threesome.hardcore.blonde.naturaltits.pov.facial.rider.painmore.mp4 / NEW.LifeSelector.Alexa.Flexy.Lily.Blossom.Yes.Dean.cute.anal.threesome.hardcore.blonde.naturaltits.pov.facial.rider.painmore.mp4,1
Amateurs - Tonarstjej knullmaskin och sex.1280x720.mp4 / Amateurs - Tonarstjej knullmaskin och sex.1280x720.mp4,1
dass-147 / dass-147.mp4,1
The.Magicians.S03.1080p.WEB-DL.Rus.Eng.LostFilm / The.Magicians.S03E02.Heroes.and.Morons.1080p.WEB-DL.Rus.Eng.LostFilm.mkv,0
【高清影视之家发布 www.HDBTHD.com】沙丘[国英多音轨+中文字幕].Dune.2021.V2.UHD.BluRay.REMUX.2160p.HEVC.Atmos.TrueHD7.1.3Audio-DreamHD / Dune 2021 V2 UHD BluRay REMUX 2160p HEVC Atmos TrueHD7.1 3Audio-DreamHD.mkv,0
090719_166-paco / 090719_166-paco.mp4,1
Leverage.Redemption.S01E14.1080p.rus.LostFilm.TV.mkv / Leverage.Redemption.S01E14.1080p.rus.LostFilm.TV.mkv,0
[Anku & mutagenb] Black Clover - 21 [720p rus].mkv / [Anku & mutagenb] Black Clover - 21 [720p rus].mkv,1
[ Torrent911.re ] Art.of.Love.2024.MULTi.1080p.NF.WEB.x264-ONLYMOViE.mkv / [ Torrent911.re ] Art.of.Love.2024.MULTi.1080p.NF.WEB.x264-ONLYMOViE.mkv,0
Shy Brother Learns How to Have Fun.mp4 / Shy Brother Learns How to Have Fun.mp4,1
madoubt.com 528829.xyz NSFS-404 / madoubt.com 528829.xyz NSFS-404.mp4,1
某学校网红被土豪带回家玩弄。男同学：走， 去阳台口。 车水马龙的闹市，小骚货卖力吃，饿死她了！ / 某学校网红被土豪带回家玩弄。男同学：走， 去阳台口。 车水马龙的闹市，小骚货卖力吃，饿死她了！.mp4,1
madoubt.com 692523.xyz BAK-173 / madoubt.com 692523.xyz BAK-173.mp4,1
KarupsHA.17.04.25.Lilly.Ford.Solo.4.XXX.720p.MP4-KTR[rarbg] / kha.17.04.25.lilly.ford.solo.4.mp4,1
The.Legend.of.Vox.Machina.S03E05.720p.WEB.H264-RVKD[TGx] / rvkd-the.legend.of.vox.machina.s03e05.720p.web.h264.mkv,0
madoubt.com 585368.xyz DASD-319 / madoubt.com 585368.xyz DASD-319.mp4,1
Grotesco - S1 - 720P - SweSub.mp4 / Grotesco - S01E04.mp4,1
26.08.2025_WOMENS_WORLD_CHAMP_2025_POOL_D_ARG-SLO.mp4 / 26.08.2025_WOMENS_WORLD_CHAMP_2025_POOL_D_ARG-SLO.mp4,1
Cuck4K.24.05.27.Kitana.Lure.XXX.1080p.MP4-NBQ[XC] / cuck4k.24.05.27.kitana.lure.mp4,0
Gangs.Of.London.S03E08.1080p.rus.LostFilm.TV.mkv / Gangs.Of.London.S03E08.1080p.rus.LostFilm.TV.mkv,0
졸업.The Midnight Romance in Hagwon.E12.1080p.TVING-Sniper.mkv / 졸업.The Midnight Romance in Hagwon.E12.1080p.TVING-Sniper.mkv,0
Secrets.of.the.Dead.S13E02.720p.HDTV.x264-BAJSKORV / Sample/secrets.of.the.dead.s13e02.720p.hdtv.x264-bajskorv.sample.mkv,0
The.Lord.of.the.Rings.The.Rings.of.Power.S01E05.Partings.1080p.WEBRip.x265.DDP5.1.Atmos-WAR / war-lotrringsofpower105.mkv,0
The.Blacklist.S04E01.AAC.MP4-Mobile.mp4 / The.Blacklist.S04E01.AAC.MP4-Mobile.mp4,0
The.L.Word.Generation.Q.S03E07.1080p.HEVC.x265-MeGusta[eztv.re].mkv / The.L.Word.Generation.Q.S03E07.1080p.HEVC.x265-MeGusta[eztv.re].mkv,0
Reacher.S01.WEBRip.x264-ION10 / Reacher.S01E01.WEBRip.x264-ION10.mp4,0
Я-Куба.1964.BDRip-AVC msltel.mkv / Я-Куба.1964.BDRip-AVC msltel.mkv,0
ABBA Against The Odds (2024) [1080p] [WEBRip] [YTS.MX] / ABBA.Against.The.Odds.2024.1080p.WEBRip.x264.AAC-[YTS.MX].mp4,0
IPX-768 / hhd800.com@IPX-768.mp4,1
MilfAF.23.09.28.Anzee.Starr.XXX.1080p.MP4-WRB[XvX] / milfaf.23.09.28.anzee.starr.mp4,1
DOCP-322 / hhd800.com@DOCP-322.mp4,1
Shameless.US.7x04.La.Festa.ITA.WEBMux.x264-NovaRip.mkv / Shameless.US.7x04.La.Festa.ITA.WEBMux.x264-NovaRip.mkv,0
偷拍大神洗澡偷拍II学生宿舍寝室浴室70V精选集锦火热泄露 / 偷拍大神洗澡偷拍II学生宿舍寝室浴室70V精选集锦火热泄露.mp4,1
Twisted.Metal.S02E06.1080p.rus.LostFilm.TV.mkv / Twisted.Metal.S02E06.1080p.rus.LostFilm.TV.mkv,0
[AsukaRaws] A Rank Party Ridatsu - 19 (WEB-DL 1280x720 x264 AAC).mp4 / [AsukaRaws] A Rank Party Ridatsu - 19 (WEB-DL 1280x720 x264 AAC).mp4,0
Sportyslut / SS-041 Winona/SS-041_iPod.mp4,0
dxxdom.com@EOP-0162 Tall Busty Brunette August BBC Creampie - August Ames / EOP-0162 Tall Busty Brunette August BBC Creampie - August Ames.mp4,1
MonstersOfCock.20.09.13.Jolee.Love.Her.First.Anal.Monster.Cock..480p.MP4-XXX / njoleeloveherfirstanalmonstercock480p.mp4,1
"Assylum.com - Rebel Rhyder - Anal Sadism Science Lab, October 15, 2023_720p.mp4 / Assylum.com - Rebel Rhyder - Anal Sadism Science Lab, October 15, 2023_720p.mp4",1
[ Torrent911.io ] Chicago.Fire.S11E18.FRENCH.WEBRip.x264.mp4 / [ Torrent911.io ] Chicago.Fire.S11E18.FRENCH.WEBRip.x264.mp4,0
300MAAN-545 / 300MAAN-545.mp4,0
RCT-834.mp4 / RCT-834.mp4,1
FC2PPV_3933818【本編顔出し】女優級の美貌を持ちながら推定Jカップを持つ最強グラドルの卵【2周年につき限定価格で数量限定販売】.mp4 / FC2PPV_3933818【本編顔出し】女優級の美貌を持ちながら推定Jカップを持つ最強グラドルの卵【2周年につき限定価格で数量限定販売】.mp4,1
The.Lord.of.the.Rings.The.Rings.of.Power.S01.1080p.WEBRip.x265-RARBG / The.Lord.of.the.Rings.The.Rings.of.Power.S01E08.1080p.WEBRip.x265-RARBG.mp4,0
KIRARI (MKBD) Blu-ray REMUX Collection Part⑤ / MKBD-S110/MKBD-S110.mkv,1
chikan@T66Y@caribbeancom-081816_234 / caribbeancom-081816_234.mp4,1
Supergirl - Temporada 5 [HDTV 720p][Cap.502][AC3 5.1 Castellano][www.descargas2020.ORG] / Supergirl - Temporada 5 [HDTV 720p][Cap.502][AC3 5.1 Castellano][www.descargas2020.ORG].mkv,0
Valerie.Kay.Oiled.Bubble.Ass.LatinaSexTapes.02.13.2012.mp4 / Valerie.Kay.Oiled.Bubble.Ass.LatinaSexTapes.02.13.2012.mp4,1
S.W.A.T (2003) Open Matte 1080p.mkv / S.W.A.T (2003) Open Matte 1080p.mkv,0
Krokus - Live at Wacken Open Air 2025 [WEB 1080p].mkv / Krokus - Live at Wacken Open Air 2025 [WEB 1080p].mkv,0
网红推女郎何奕恋退隐江湖最后流出的3部VIP收费视频 / 网红推女郎何奕恋退隐江湖最后流出的3部VIP收费视频.mp4,1
Culpa.Mía.Londres.2025.720p-Dual-Lat / Culpa.Mía.Londres.2025.720p-Dual-Lat.mkv,0
The Infinity Project (2018) [1080p] [WEBRip] [YTS.MX] / The.Infinity.Project.2018.1080p.WEBRip.x264.AAC-[YTS.MX].mp4,0
Frozen.2013.3D.HOU.mkv / Frozen.2013.3D.HOU.mkv,0
Thalasso.2019.1080p.mkv / Thalasso.2019.1080p.mkv,0
WarGames.1983.BDRip-AVC.mkv / WarGames.1983.BDRip-AVC.mkv,0
Sarah Cute - Bare Ass Beauty (29.02.2020)_544p.mp4 / Sarah Cute - Bare Ass Beauty (29.02.2020)_544p.mp4,1
Silo (Season 2) WEB-DL 1080p / Silo.S02E04.1080p.WEB-DL.RGzsRutracker.mkv,0
Odessa.(2018).WEB-DLRip.(AVC).by.Серый1779.Files-x.mkv / Odessa.(2018).WEB-DLRip.(AVC).by.Серый1779.Files-x.mkv,0
Passionate Fuck Compilation-TeamSkeet Selects-720p.mp4 / Passionate Fuck Compilation-TeamSkeet Selects-720p.mp4,0
[LegalPorno] Didi Zerati GL524 (31.07.2021) rq.mp4 / [LegalPorno] Didi Zerati GL524 (31.07.2021) rq.mp4,1
DASS-377.mp4 / DASS-377.mp4,1
Mobile Suit Gundam Unicorn [Azazel & Oni] [BDRip 720p] / Mobile Suit Gundam Unicorn [07] [Azazel & Oni].mkv,0
[Skymoon-Raws] Chiikawa - 227 [ViuTV][WEB-DL][CHT][SRT][1080p][AVC AAC].mkv / [Skymoon-Raws] Chiikawa - 227 [ViuTV][WEB-DL][CHT][SRT][1080p][AVC AAC].mkv,0
madoubt.com 898623.xyz heyzo-2046 / madoubt.com 898623.xyz heyzo-2046.mp4,1
Slayers Gorgeous RUS / Slayers Gorgeous [RUS][Persona99].mp4,1
RawAttack.18.07.27.Carolina.Sweets..480p.MP4-XXX / rawattack.18.07.27.carolina.sweets.mp4,0
MomPov.BTS.E41.Kendera.XXX.720p.MP4.KTR / mompovbts.e41.kendera.mp4,0
Anjelica - The Weakness Of The Princess - SD.mp4 / Anjelica - The Weakness Of The Princess - SD.mp4,0
羞耻私密，抖音18万粉，大奶网红【是懒宝】高价定制，情趣制服裸舞，自慰流浆 / 羞耻私密，抖音18万粉，大奶网红【是懒宝】高价定制，情趣制服裸舞，自慰流浆.mp4,1
cuckoldsessions.25.08.30.sophia.sterling.4k.mp4 / cuckoldsessions.25.08.30.sophia.sterling.4k.mp4,1
[AllAnal] Kay Carter & Anna Claire Clouds - Kay’s Ass Makes Anna Claire’s Day (aa0099) (21-05-2021) 720p.mp4 / [AllAnal] Kay Carter & Anna Claire Clouds - Kay’s Ass Makes Anna Claire’s Day (aa0099) (21-05-2021) 720p.mp4,1
CKJ-393 GREC-001 HDSN-027 HDSN-028 HDSN-038 HDSN-044 HDSN-048 TRPK-005 WORK-014 / T66Y.COM@hdsn-027.mp4,1
MXGS1115 / MXGS1115.mp4,1
9-1-1 S08E02 When the Boeing Gets Tough 1080p DSNP WEB-DL DDP5 1 H 264-NTb[TGx] / 9-1-1.S08E02.When.the.Boeing.Gets.Tough.1080p.DSNP.WEB-DL.DDP5.1.H.264-NTb/9-1-1.S08E02.When.the.Boeing.Gets.Tough.1080p.DSNP.WEB-DL.DDP5.1.H.264-NTb.mkv,0
ZHG-2024-0127(15) / 590/V/20180107_170019_(new).mp4,1
The Guest 2025 S01 720p WEB-DL HEVC x265 BONE / The Guest 2025 S01E03 720p WEB-DL HEVC x265 BONE.mkv,0
真实直播肛交，小骚逼有点胖胖的先看逼，然后再讲怎么肛交，撅着屁股抹着润滑插进去很痛的，后入激情感觉不错 / 真实直播肛交，小骚逼有点胖胖的先看逼，然后再讲怎么肛交，撅着屁股抹着润滑插进去很痛的，后入激情感觉不错.mp4,1
091313_657-caribpr-whole_psp.mp4 / 091313_657-caribpr-whole_psp.mp4,1
SSNI-559 / SSNI-559.mp4,1
最新爆火推特约炮大神【深海杀人鲸小张历险记】私拍，超多人前女神私下反差的极品美女被大神拿捏爆操 / 最新爆火推特约炮大神【深海杀人鲸小张历险记】私拍，超多人前女神私下反差的极品美女被大神拿捏爆操.mp4,1
Somebody Up There Likes Me (1956) [720p] [WEBRip] [YTS.MX] / Somebody.Up.There.Likes.Me.1956.720p.WEBRip.x264.AAC-[YTS.MX].mp4,0
Wolf Hall Season 1 Complete 720p WEB-DL x264 [i_c] / Wolf Hall S01E01 Three Card Trick.mkv,0
De Film van Dylan Haegens (2018) 1080p WEB-DL AC3 x264 / De Film van Dylan Haegens.mkv,0
"[TonightsGirlfriend] Elsa Jean, Chad White NEW (17.06.2016) / [TonightsGirlfriend] Elsa Jean, Chad White (17.06.2016) rq.mp4",1
BrazzersExxtra.24.04.15.Luna.Luxe.Laundromat.Loads.XXX.1080p.MP4-WRB[XC] / brazzersexxtra.24.04.15.luna.luxe.laundromat.loads.mp4,1
That Time I Got Reincarnated as a Slime S03E12 VOSTFR 720p WEB x264 AAC -Tsundere-Raws (CR).mkv / That Time I Got Reincarnated as a Slime S03E12 VOSTFR 720p WEB x264 AAC -Tsundere-Raws (CR).mkv,0
BBC.Blue.Note.Records.Beyond.the.Notes.1080p.HDTV.x264.AAC.MVGroup.org.mkv / BBC.Blue.Note.Records.Beyond.the.Notes.1080p.HDTV.x264.AAC.MVGroup.org.mkv,0
[AllInternal] Candee Licious (23.09.15) rq.mp4 / [AllInternal] Candee Licious (23.09.15) rq.mp4,1
The.Body.(2012).1080p.BDRip.AC3-5.1.H265.JVC / The.Body.(2012).1080p.BDRip.AC3-5.1.H265.JVC.mkv,0
Eva Lex - Anal Pronebone.mp4 / Eva Lex - Anal Pronebone.mp4,1
The Purge (2013) [2160p] [4K] [BluRay] [5.1] [YTS.MX] / The.Purge.2013.2160p.4K.BluRay.x265.10bit.AAC5.1-[YTS.MX].mkv,0
Bullet.Train.2022.HDRip.x264.seleZen.mkv / Bullet.Train.2022.HDRip.x264.seleZen.mkv,0
